TID: [2026-08-13 15:00:00,056]  INFO {org.wso2.config.mapper.ConfigParser} - Initializing configurations with deployment configurations {org.wso2.config.mapper.ConfigParser}
TID: [] [] [2026-08-13 15:00:04,422] []  INFO {org.ops4j.pax.logging.spi.support.EventAdminConfigurationNotifier} - Sending Event Admin notification (configuration successful) to org/ops4j/pax/logging/Configuration
TID: [] [] [2026-08-13 15:00:04,631] []  INFO {org.wso2.carbon.core.internal.CarbonCoreActivator} - Starting WSO2 Carbon...
TID: [] [] [2026-08-13 15:00:04,632] []  INFO {org.wso2.carbon.core.internal.CarbonCoreActivator} - Operating System : Linux 7.0.0-29-generic, amd64
TID: [] [] [2026-08-13 15:00:04,632] []  INFO {org.wso2.carbon.core.internal.CarbonCoreActivator} - Java Home        : /home/seyi-a/.jdks/jdk-21.0.12+8
TID: [] [] [2026-08-13 15:00:04,632] []  INFO {org.wso2.carbon.core.internal.CarbonCoreActivator} - Java Version     : 21.0.12
TID: [] [] [2026-08-13 15:00:04,632] []  INFO {org.wso2.carbon.core.internal.CarbonCoreActivator} - Java VM          : OpenJDK 64-Bit Server VM 21.0.12+8-LTS,Eclipse Adoptium
TID: [] [] [2026-08-13 15:00:04,633] []  INFO {org.wso2.carbon.core.internal.CarbonCoreActivator} - Carbon Home      : /home/seyi-a/DevFactory/wso2/wso2is-7.3.0
TID: [] [] [2026-08-13 15:00:04,633] []  INFO {org.wso2.carbon.core.internal.CarbonCoreActivator} - Java Temp Dir    : /home/seyi-a/DevFactory/wso2/wso2is-7.3.0/tmp
TID: [] [] [2026-08-13 15:00:04,633] []  INFO {org.wso2.carbon.core.internal.CarbonCoreActivator} - User             : seyi-a, en-US, Africa/Lagos
TID: [] [] [2026-08-13 15:00:07,129] []  WARN {org.apache.tomcat.util.net.SSLHostConfig} - The TLS 1.3 cipher suite [TLS_AES_128_GCM_SHA256] included in the TLS 1.2 and below ciphers list will be removed from the TLS 1.2 ciphers list and added to the end of the TLS 1.3 cipher suite list
TID: [] [] [2026-08-13 15:00:07,131] []  WARN {org.apache.tomcat.util.net.SSLHostConfig} - The TLS 1.3 cipher suite [TLS_AES_256_GCM_SHA384] included in the TLS 1.2 and below ciphers list will be removed from the TLS 1.2 ciphers list and added to the end of the TLS 1.3 cipher suite list
TID: [] [] [2026-08-13 15:00:07,131] []  WARN {org.apache.tomcat.util.net.SSLHostConfig} - The TLS 1.3 cipher suite [TLS_CHACHA20_POLY1305_SHA256] included in the TLS 1.2 and below ciphers list will be removed from the TLS 1.2 ciphers list and added to the end of the TLS 1.3 cipher suite list
TID: [] [] [2026-08-13 15:00:07,860] []  INFO {org.apache.jasper.servlet.TldScanner} - At least one JAR was scanned for TLDs yet contained no TLDs. Enable debug logging for this logger for a complete list of JARs that were scanned but no TLDs were found in them. Skipping unneeded JARs during scanning can improve startup time and JSP compilation time.
TID: [] [] [2026-08-13 15:00:09,735] []  INFO {org.wso2.carbon.core.init.CarbonServerManager} - Repository       : /home/seyi-a/DevFactory/wso2/wso2is-7.3.0/repository/deployment/server/
TID: [] [] [2026-08-13 15:00:09,769] []  INFO {org.wso2.carbon.core.multitenancy.eager.TenantLoadingConfig} - Using tenant lazy loading policy...
TID: [] [] [2026-08-13 15:00:09,781] []  INFO {org.wso2.carbon.core.internal.permission.update.PermissionUpdater} - Permission cache updated for tenant -1234
TID: [] [] [2026-08-13 15:00:12,500] []  INFO {org.wso2.carbon.identity.configuration.mgt.core.ConfigurationManagerImpl} - Resource: ocspvalidator added successfully
TID: [] [] [2026-08-13 15:00:12,502] []  INFO {org.wso2.carbon.identity.configuration.mgt.core.ConfigurationManagerImpl} - Resource: crlvalidator added successfully
TID: [] [] [2026-08-13 15:00:12,740] []  WARN {org.wso2.carbon.identity.auth.service.internal.AuthenticationServiceComponent} - 

##################################  ALERT  ##################################
[WARNING]: Internal authentication is utilizing default credentials,
which may expose the environment to potential security risks.
If this is a production environment, change the credentials immediately.
#############################################################################

TID: [] [] [2026-08-13 15:00:14,389] []  INFO {org.wso2.carbon.identity.user.store.configuration.utils.SecondaryUserStoreConfigurationUtil} - folder 'userstores' created to store configurations for tenant = -1234
TID: [] [] [2026-08-13 15:00:16,482] []  INFO {org.wso2.carbon.identity.application.authentication.framework.store.SessionDataStore} - Thread pool size for temporary authentication context data delete task: 20
TID: [] [] [2026-08-13 15:00:16,864] []  INFO {org.opensaml.core.config.InitializationService} - Initializing OpenSAML using the Java Services API
TID: [] [] [2026-08-13 15:00:18,657] []  INFO {org.wso2.carbon.user.core.common.UserStoreDeploymentManager} - Realm configuration of tenant:-1234  modified with /home/seyi-a/DevFactory/wso2/wso2is-7.3.0/repository/deployment/server/userstores/AGENT.xml
TID: [] [] [2026-08-13 15:00:24,564] []  INFO {org.hibernate.validator.internal.util.Version} - HV000001: Hibernate Validator 6.2.5.Final
TID: [] [] [2026-08-13 15:00:35,734] []  INFO {org.wso2.carbon.core.transports.http.HttpTransportListener} - HTTP port        : 9763
TID: [] [] [2026-08-13 15:00:35,735] []  INFO {org.wso2.carbon.core.transports.http.HttpsTransportListener} - HTTPS port       : 9443
TID: [] [] [2026-08-13 15:00:35,969] []  INFO {org.apache.tomcat.util.net.NioEndpoint.certificate} - Connector [https-jsse-nio-9443], TLS virtual host [_default_], certificate type [UNDEFINED] configured from keystore [/home/seyi-a/DevFactory/wso2/wso2is-7.3.0/repository/resources/security/wso2carbon.p12] using alias [wso2carbon] with trust store [/home/seyi-a/DevFactory/wso2/wso2is-7.3.0/repository/resources/security/client-truststore.p12]
TID: [] [] [2026-08-13 15:00:36,044] []  INFO {org.wso2.identity.apps.common.internal.AppsCommonServiceStartupObserver} - My Account URL : https://localhost:9443/myaccount
TID: [] [] [2026-08-13 15:00:36,044] []  INFO {org.wso2.identity.apps.common.internal.AppsCommonServiceStartupObserver} - Console URL : https://localhost:9443/console
TID: [] [] [2026-08-13 15:00:36,045] []  INFO {org.wso2.carbon.core.internal.StartupFinalizerServiceComponent} - Server           :  WSO2 Identity Server-7.3.0
TID: [] [] [2026-08-13 15:00:36,046] []  INFO {org.wso2.carbon.core.internal.StartupFinalizerServiceComponent} - WSO2 Carbon started in 36 sec
TID: [] [] [2026-08-13 15:00:36,054] []  INFO {org.wso2.carbon.healthcheck.api.core.internal.HealthMonitorServiceComponent} - Carbon health monitoring service is activated..
TID: [-1234] [api] [2026-08-13 15:03:21,649] [7700458f-0e98-4c08-a993-76ddbd03ee1e]  INFO {org.wso2.carbon.identity.tenant.resource.manager.TenantAwareAxis2ConfigurationContextObserver} - Loading configuration context for tenant domain: fortisbanklimited
TID: [-1234] [api] [2026-08-13 15:03:21,655] [7700458f-0e98-4c08-a993-76ddbd03ee1e]  INFO {org.wso2.carbon.core.multitenancy.TenantAxisConfigurator} - Creating tenant AxisConfiguration for tenant: fortisbanklimited[1]
TID: [-1234] [api] [2026-08-13 15:03:21,921] [7700458f-0e98-4c08-a993-76ddbd03ee1e]  INFO {org.wso2.carbon.core.internal.permission.update.PermissionUpdater} - Permission cache updated for tenant 1
TID: [-1234] [api] [2026-08-13 15:03:21,923] [7700458f-0e98-4c08-a993-76ddbd03ee1e]  INFO {org.wso2.carbon.core.multitenancy.utils.TenantAxisUtils} - Loaded tenant fortisbanklimited in 282 ms
TID: [-1234] [api] [2026-08-13 15:03:21,942] [7700458f-0e98-4c08-a993-76ddbd03ee1e]  INFO {org.wso2.carbon.identity.user.store.configuration.utils.SecondaryUserStoreConfigurationUtil} - folder 'userstores' created to store configurations for tenant = 1
TID: [-1234] [api] [2026-08-13 15:03:21,948] [7700458f-0e98-4c08-a993-76ddbd03ee1e]  INFO {org.wso2.carbon.identity.configuration.mgt.core.ConfigurationManagerImpl} - Resource: ocspvalidator added successfully
TID: [-1234] [api] [2026-08-13 15:03:21,950] [7700458f-0e98-4c08-a993-76ddbd03ee1e]  INFO {org.wso2.carbon.identity.configuration.mgt.core.ConfigurationManagerImpl} - Resource: crlvalidator added successfully
TID: [-1234] [api] [2026-08-13 15:03:21,953] [7700458f-0e98-4c08-a993-76ddbd03ee1e]  INFO {org.wso2.carbon.tenant.mgt.services.TenantMgtImpl} - Added the tenant 'fortisbanklimited [1]' by 'a***n'
TID: [-1234] [api] [2026-08-13 15:03:35,476] [b75c83d5-7fb7-4a84-b964-626352121174]  INFO {org.wso2.carbon.core.multitenancy.utils.TenantAxisUtils} - Starting to clean tenant : fortisbanklimited
TID: [-1234] [api] [2026-08-13 15:03:35,486] [b75c83d5-7fb7-4a84-b964-626352121174]  INFO {org.wso2.carbon.core.multitenancy.utils.TenantAxisUtils} - Cleaned up tenant fortisbanklimited
TID: [-1234] [api] [2026-08-13 15:03:35,487] [b75c83d5-7fb7-4a84-b964-626352121174]  INFO {org.wso2.carbon.tenant.mgt.services.TenantMgtImpl} - Deactivated the tenant 'fortisbanklimited [1]' by 'a***n'
TID: [-1234] [api] [2026-08-13 15:04:02,888] [213c2849-6fd5-4ffa-96c7-25f7721b3d6c]  INFO {org.wso2.carbon.identity.tenant.resource.manager.TenantAwareAxis2ConfigurationContextObserver} - Loading configuration context for tenant domain: fortisbanklimitedzec
TID: [-1234] [api] [2026-08-13 15:04:02,891] [213c2849-6fd5-4ffa-96c7-25f7721b3d6c]  INFO {org.wso2.carbon.core.multitenancy.TenantAxisConfigurator} - Creating tenant AxisConfiguration for tenant: fortisbanklimitedzec[2]
TID: [-1234] [api] [2026-08-13 15:04:02,914] [213c2849-6fd5-4ffa-96c7-25f7721b3d6c]  INFO {org.wso2.carbon.core.internal.permission.update.PermissionUpdater} - Permission cache updated for tenant 2
TID: [-1234] [api] [2026-08-13 15:04:02,915] [213c2849-6fd5-4ffa-96c7-25f7721b3d6c]  INFO {org.wso2.carbon.core.multitenancy.utils.TenantAxisUtils} - Loaded tenant fortisbanklimitedzec in 28 ms
TID: [-1234] [api] [2026-08-13 15:04:02,919] [213c2849-6fd5-4ffa-96c7-25f7721b3d6c]  INFO {org.wso2.carbon.identity.user.store.configuration.utils.SecondaryUserStoreConfigurationUtil} - folder 'userstores' created to store configurations for tenant = 2
TID: [-1234] [api] [2026-08-13 15:04:02,925] [213c2849-6fd5-4ffa-96c7-25f7721b3d6c]  INFO {org.wso2.carbon.identity.configuration.mgt.core.ConfigurationManagerImpl} - Resource: ocspvalidator added successfully
TID: [-1234] [api] [2026-08-13 15:04:02,926] [213c2849-6fd5-4ffa-96c7-25f7721b3d6c]  INFO {org.wso2.carbon.identity.configuration.mgt.core.ConfigurationManagerImpl} - Resource: crlvalidator added successfully
TID: [-1234] [api] [2026-08-13 15:04:02,927] [213c2849-6fd5-4ffa-96c7-25f7721b3d6c]  INFO {org.wso2.carbon.tenant.mgt.services.TenantMgtImpl} - Added the tenant 'fortisbanklimitedzec [2]' by 'a***n'
TID: [] [] [2026-08-13 15:04:07,310] []  WARN {org.wso2.carbon.usage.data.receiver.core.a.a} - No subscription file found matching pattern 'subscription-*.json' in directory: /home/seyi-a/DevFactory/wso2/wso2is-7.3.0. Please place a subscription file at this location to enable usage data collection.
TID: [] [] [2026-08-13 15:04:07,316] []  WARN {org.wso2.carbon.usage.data.receiver.core.util.DatabaseAvailabilityChecker} - Required table 'USAGE_COUNT' does not exist in the database. Usage data collection will be disabled until tables are created.
TID: [-1234] [] [2026-08-13 15:11:55,945] [c5d9de68-b34c-4c77-9b31-ba1d4bc46cf9]  INFO {org.opensaml.core.config.InitializationService} - Initializing OpenSAML using the Java Services API
TID: [] [] [2026-08-13 15:34:36,541] []  INFO {org.wso2.carbon.core.multitenancy.utils.TenantAxisUtils} - Starting to clean tenant : fortisbanklimitedzec
TID: [] [] [2026-08-13 15:34:36,607] []  INFO {org.wso2.carbon.core.multitenancy.utils.TenantAxisUtils} - Cleaned up tenant fortisbanklimitedzec
TID: [] [] [2026-08-13 15:38:38,238] []  INFO {org.wso2.carbon.core.init.CarbonServerManager} - Shutdown hook triggered....
TID: [] [] [2026-08-13 15:38:38,244] []  INFO {org.wso2.carbon.core.init.CarbonServerManager} - Gracefully shutting down WSO2 Identity Server...
TID: [] [] [2026-08-13 15:38:38,246] []  INFO {org.wso2.carbon.core.ServerManagement} - Starting to switch to maintenance mode...
TID: [] [] [2026-08-13 15:38:38,248] []  INFO {org.wso2.carbon.core.ServerManagement} - Stopped all transport listeners
TID: [] [] [2026-08-13 15:38:38,249] []  INFO {org.wso2.carbon.core.ServerManagement} - Waiting for request service completion...
TID: [] [] [2026-08-13 15:38:38,258] []  INFO {org.wso2.carbon.core.ServerManagement} - All requests have been served.
TID: [] [] [2026-08-13 15:38:38,258] []  INFO {org.wso2.carbon.core.ServerManagement} - Waiting for deployment completion...
TID: [] [] [2026-08-13 15:38:38,310] []  INFO {org.wso2.carbon.webapp.mgt.WebApplication} - Unloaded webapp: StandardEngine[Catalina].StandardHost[localhost].StandardContext[/mexut]
TID: [] [] [2026-08-13 15:38:38,319] []  INFO {org.wso2.carbon.webapp.mgt.WebApplication} - Unloaded webapp: StandardEngine[Catalina].StandardHost[localhost].StandardContext[/oauth2]
TID: [] [] [2026-08-13 15:38:38,327] []  INFO {org.wso2.carbon.webapp.mgt.WebApplication} - Unloaded webapp: StandardEngine[Catalina].StandardHost[localhost].StandardContext[/api/health-check/v1.0]
TID: [] [] [2026-08-13 15:38:38,346] []  INFO {org.wso2.carbon.webapp.mgt.WebApplication} - Unloaded webapp: StandardEngine[Catalina].StandardHost[localhost].StandardContext[/authenticationendpoint]
TID: [] [] [2026-08-13 15:38:38,361] []  INFO {org.wso2.carbon.webapp.mgt.WebApplication} - Unloaded webapp: StandardEngine[Catalina].StandardHost[localhost].StandardContext[/console]
TID: [] [] [2026-08-13 15:38:38,369] []  INFO {org.wso2.carbon.webapp.mgt.WebApplication} - Unloaded webapp: StandardEngine[Catalina].StandardHost[localhost].StandardContext[/oid4vci]
TID: [] [] [2026-08-13 15:38:38,381] []  INFO {org.wso2.carbon.webapp.mgt.WebApplication} - Unloaded webapp: StandardEngine[Catalina].StandardHost[localhost].StandardContext[/accountrecoveryendpoint]
TID: [] [] [2026-08-13 15:38:38,388] []  INFO {org.wso2.carbon.webapp.mgt.WebApplication} - Unloaded webapp: StandardEngine[Catalina].StandardHost[localhost].StandardContext[/mex]
TID: [] [] [2026-08-13 15:38:38,397] []  INFO {org.wso2.carbon.webapp.mgt.WebApplication} - Unloaded webapp: StandardEngine[Catalina].StandardHost[localhost].StandardContext[/scim2]
TID: [] [] [2026-08-13 15:38:38,405] []  INFO {org.wso2.carbon.webapp.mgt.WebApplication} - Unloaded webapp: StandardEngine[Catalina].StandardHost[localhost].StandardContext[/x509certificateauthenticationendpoint]
TID: [] [] [2026-08-13 15:38:38,422] []  INFO {org.wso2.carbon.webapp.mgt.WebApplication} - Unloaded webapp: StandardEngine[Catalina].StandardHost[localhost].StandardContext[/api]
TID: [] [] [2026-08-13 15:38:38,427] []  INFO {org.wso2.carbon.webapp.mgt.WebApplication} - Unloaded webapp: StandardEngine[Catalina].StandardHost[localhost].StandardContext[/wso2]
TID: [] [] [2026-08-13 15:38:38,432] []  INFO {org.wso2.carbon.webapp.mgt.WebApplication} - Unloaded webapp: StandardEngine[Catalina].StandardHost[localhost].StandardContext[/myaccount]
TID: [] [] [2026-08-13 15:38:38,438] []  INFO {org.wso2.carbon.webapp.mgt.WebApplication} - Unloaded webapp: StandardEngine[Catalina].StandardHost[localhost].StandardContext[/accounts]
TID: [] [] [2026-08-13 15:38:38,439] []  INFO {org.wso2.carbon.core.ServerManagement} - All deployment tasks have been completed.
TID: [] [] [2026-08-13 15:38:38,439] []  INFO {org.wso2.carbon.core.ServerManagement} - Waiting for server task completion...
TID: [] [] [2026-08-13 15:38:38,441] []  INFO {org.wso2.carbon.core.ServerManagement} - All server tasks have been completed.
TID: [] [] [2026-08-13 15:38:38,441] []  INFO {org.wso2.carbon.core.init.CarbonServerManager} - Shutting down WSO2 Identity Server...
TID: [] [] [2026-08-13 15:38:38,441] []  INFO {org.wso2.carbon.core.init.CarbonServerManager} - Shutting down OSGi framework...
TID: [] [] [2026-08-13 15:38:38,511] []  INFO {org.wso2.carbon.core.init.CarbonServerManager} - Stopping CarbonServerManager...
TID: [] [] [2026-08-13 15:38:38,803] []  INFO {org.wso2.carbon.tomcat.ext.internal.CarbonTomcatServiceComponent} - Stopping the carbon web-app registered under : /
TID: [-1234] [] [2026-08-13 15:38:40,705]  INFO {org.wso2.carbon.core.init.CarbonServerManager} - Shutdown complete 
TID: [-1234] [] [2026-08-13 15:38:40,706]  INFO {org.wso2.carbon.core.init.CarbonServerManager} - Halting JVM 
TID: [2026-08-13 15:38:44,902]  INFO {org.wso2.config.mapper.ConfigParser} - Configurations Changed in :repository/conf/deployment.toml {org.wso2.config.mapper.ConfigParser}
TID: [2026-08-13 15:38:44,903]  INFO {org.wso2.config.mapper.ConfigParser} - Overriding files in configuration directory /home/seyi-a/DevFactory/wso2/wso2is-7.3.0 {org.wso2.config.mapper.ConfigParser}
TID: [] [] [2026-08-13 15:38:49,260] []  INFO {org.ops4j.pax.logging.spi.support.EventAdminConfigurationNotifier} - Sending Event Admin notification (configuration successful) to org/ops4j/pax/logging/Configuration
TID: [] [] [2026-08-13 15:38:49,470] []  INFO {org.wso2.carbon.core.internal.CarbonCoreActivator} - Starting WSO2 Carbon...
TID: [] [] [2026-08-13 15:38:49,470] []  INFO {org.wso2.carbon.core.internal.CarbonCoreActivator} - Operating System : Linux 7.0.0-29-generic, amd64
TID: [] [] [2026-08-13 15:38:49,471] []  INFO {org.wso2.carbon.core.internal.CarbonCoreActivator} - Java Home        : /home/seyi-a/.jdks/jdk-21.0.12+8
TID: [] [] [2026-08-13 15:38:49,471] []  INFO {org.wso2.carbon.core.internal.CarbonCoreActivator} - Java Version     : 21.0.12
TID: [] [] [2026-08-13 15:38:49,471] []  INFO {org.wso2.carbon.core.internal.CarbonCoreActivator} - Java VM          : OpenJDK 64-Bit Server VM 21.0.12+8-LTS,Eclipse Adoptium
TID: [] [] [2026-08-13 15:38:49,471] []  INFO {org.wso2.carbon.core.internal.CarbonCoreActivator} - Carbon Home      : /home/seyi-a/DevFactory/wso2/wso2is-7.3.0
TID: [] [] [2026-08-13 15:38:49,471] []  INFO {org.wso2.carbon.core.internal.CarbonCoreActivator} - Java Temp Dir    : /home/seyi-a/DevFactory/wso2/wso2is-7.3.0/tmp
TID: [] [] [2026-08-13 15:38:49,472] []  INFO {org.wso2.carbon.core.internal.CarbonCoreActivator} - User             : seyi-a, en-US, Africa/Lagos
TID: [] [] [2026-08-13 15:38:51,918] []  WARN {org.apache.tomcat.util.net.SSLHostConfig} - The TLS 1.3 cipher suite [TLS_AES_128_GCM_SHA256] included in the TLS 1.2 and below ciphers list will be removed from the TLS 1.2 ciphers list and added to the end of the TLS 1.3 cipher suite list
TID: [] [] [2026-08-13 15:38:51,920] []  WARN {org.apache.tomcat.util.net.SSLHostConfig} - The TLS 1.3 cipher suite [TLS_AES_256_GCM_SHA384] included in the TLS 1.2 and below ciphers list will be removed from the TLS 1.2 ciphers list and added to the end of the TLS 1.3 cipher suite list
TID: [] [] [2026-08-13 15:38:51,920] []  WARN {org.apache.tomcat.util.net.SSLHostConfig} - The TLS 1.3 cipher suite [TLS_CHACHA20_POLY1305_SHA256] included in the TLS 1.2 and below ciphers list will be removed from the TLS 1.2 ciphers list and added to the end of the TLS 1.3 cipher suite list
TID: [] [] [2026-08-13 15:38:52,678] []  INFO {org.apache.jasper.servlet.TldScanner} - At least one JAR was scanned for TLDs yet contained no TLDs. Enable debug logging for this logger for a complete list of JARs that were scanned but no TLDs were found in them. Skipping unneeded JARs during scanning can improve startup time and JSP compilation time.
TID: [] [] [2026-08-13 15:38:54,483] []  INFO {org.wso2.carbon.core.init.CarbonServerManager} - Repository       : /home/seyi-a/DevFactory/wso2/wso2is-7.3.0/repository/deployment/server/
TID: [] [] [2026-08-13 15:38:54,511] []  INFO {org.wso2.carbon.core.multitenancy.eager.TenantLoadingConfig} - Using tenant lazy loading policy...
TID: [] [] [2026-08-13 15:38:54,522] []  INFO {org.wso2.carbon.core.internal.permission.update.PermissionUpdater} - Permission cache updated for tenant -1234
TID: [] [] [2026-08-13 15:38:57,450] []  WARN {org.wso2.carbon.identity.auth.service.internal.AuthenticationServiceComponent} - 

##################################  ALERT  ##################################
[WARNING]: Internal authentication is utilizing default credentials,
which may expose the environment to potential security risks.
If this is a production environment, change the credentials immediately.
#############################################################################

TID: [] [] [2026-08-13 15:39:00,596] []  INFO {org.wso2.carbon.identity.application.authentication.framework.store.SessionDataStore} - Thread pool size for temporary authentication context data delete task: 20
TID: [] [] [2026-08-13 15:39:00,815] []  INFO {org.opensaml.core.config.InitializationService} - Initializing OpenSAML using the Java Services API
TID: [] [] [2026-08-13 15:39:02,395] []  INFO {org.wso2.carbon.user.core.common.UserStoreDeploymentManager} - Realm configuration of tenant:-1234  modified with /home/seyi-a/DevFactory/wso2/wso2is-7.3.0/repository/deployment/server/userstores/AGENT.xml
TID: [] [] [2026-08-13 15:39:07,879] []  INFO {org.hibernate.validator.internal.util.Version} - HV000001: Hibernate Validator 6.2.5.Final
TID: [] [] [2026-08-13 15:39:18,961] []  INFO {org.wso2.carbon.core.transports.http.HttpTransportListener} - HTTP port        : 9763
TID: [] [] [2026-08-13 15:39:18,962] []  INFO {org.wso2.carbon.core.transports.http.HttpsTransportListener} - HTTPS port       : 9443
TID: [] [] [2026-08-13 15:39:19,248] []  INFO {org.apache.tomcat.util.net.NioEndpoint.certificate} - Connector [https-jsse-nio-9443], TLS virtual host [_default_], certificate type [UNDEFINED] configured from keystore [/home/seyi-a/DevFactory/wso2/wso2is-7.3.0/repository/resources/security/wso2carbon.p12] using alias [wso2carbon] with trust store [/home/seyi-a/DevFactory/wso2/wso2is-7.3.0/repository/resources/security/client-truststore.p12]
TID: [] [] [2026-08-13 15:39:19,298] []  INFO {org.wso2.identity.apps.common.internal.AppsCommonServiceStartupObserver} - My Account URL : https://wso2.local:9443/myaccount
TID: [] [] [2026-08-13 15:39:19,299] []  INFO {org.wso2.identity.apps.common.internal.AppsCommonServiceStartupObserver} - Console URL : https://wso2.local:9443/console
TID: [] [] [2026-08-13 15:39:19,300] []  INFO {org.wso2.carbon.core.internal.StartupFinalizerServiceComponent} - Server           :  WSO2 Identity Server-7.3.0
TID: [] [] [2026-08-13 15:39:19,300] []  INFO {org.wso2.carbon.core.internal.StartupFinalizerServiceComponent} - WSO2 Carbon started in 34 sec
TID: [] [] [2026-08-13 15:39:19,308] []  INFO {org.wso2.carbon.healthcheck.api.core.internal.HealthMonitorServiceComponent} - Carbon health monitoring service is activated..
TID: [-1234] [] [2026-08-13 15:42:33,966] [952c243c-ff56-4ea5-b89a-534553749e15]  INFO {org.opensaml.core.config.InitializationService} - Initializing OpenSAML using the Java Services API
TID: [] [] [2026-08-13 15:42:52,122] []  WARN {org.wso2.carbon.usage.data.receiver.core.a.a} - No subscription file found matching pattern 'subscription-*.json' in directory: /home/seyi-a/DevFactory/wso2/wso2is-7.3.0. Please place a subscription file at this location to enable usage data collection.
TID: [] [] [2026-08-13 15:42:52,134] []  WARN {org.wso2.carbon.usage.data.receiver.core.util.DatabaseAvailabilityChecker} - Required table 'USAGE_COUNT' does not exist in the database. Usage data collection will be disabled until tables are created.
TID: [-1234] [] [2026-08-13 15:52:22,864] [b91effa6-69d9-4495-860a-28978b300c30]  WARN {org.wso2.carbon.identity.application.authenticator.basicauth.BasicAuthenticator} - Tenant domain mismatch detected during authentication failure. User Tenant Domain: fortisbanklimitedzec, Request Tenant Domain: carbon.super, isSaasApp: false
TID: [-1234] [] [2026-08-13 15:53:20,381] [033bd0c1-fba7-48b1-a160-d41849a46884]  WARN {org.wso2.carbon.identity.application.authenticator.basicauth.BasicAuthenticator} - Tenant domain mismatch detected during authentication failure. User Tenant Domain: fortisbanklimitedzec, Request Tenant Domain: carbon.super, isSaasApp: false
TID: [-1234] [] [2026-08-13 15:54:43,797] [f30c72af-86e2-461c-a9bd-ece0bef97ede]  WARN {org.wso2.carbon.identity.application.authenticator.basicauth.BasicAuthenticator} - Tenant domain mismatch detected during authentication failure. User Tenant Domain: fortisbanklimitedzec, Request Tenant Domain: carbon.super, isSaasApp: false
TID: [-1234] [] [2026-08-13 15:55:06,704] [76fc04d5-829c-486a-8fcb-dd3a91ff45f6]  WARN {org.wso2.carbon.identity.application.authenticator.basicauth.BasicAuthenticator} - Tenant domain mismatch detected during authentication failure. User Tenant Domain: fortisbanklimitedzec, Request Tenant Domain: carbon.super, isSaasApp: false
TID: [-1234] [] [2026-08-13 16:00:33,494] [7f79a059-0106-46b9-b8ab-dca342bce08f]  WARN {org.wso2.carbon.identity.application.authenticator.basicauth.BasicAuthenticator} - Tenant domain mismatch detected during authentication failure. User Tenant Domain: fortisbanklimitedzec, Request Tenant Domain: carbon.super, isSaasApp: false
TID: [] [] [2026-08-13 16:04:21,504] []  INFO {org.wso2.carbon.core.init.CarbonServerManager} - Shutdown hook triggered....
TID: [] [] [2026-08-13 16:04:21,506] []  INFO {org.wso2.carbon.core.init.CarbonServerManager} - Gracefully shutting down WSO2 Identity Server...
TID: [] [] [2026-08-13 16:04:21,507] []  INFO {org.wso2.carbon.core.ServerManagement} - Starting to switch to maintenance mode...
TID: [] [] [2026-08-13 16:04:21,508] []  INFO {org.wso2.carbon.core.ServerManagement} - Stopped all transport listeners
TID: [] [] [2026-08-13 16:04:21,508] []  INFO {org.wso2.carbon.core.ServerManagement} - Waiting for request service completion...
TID: [] [] [2026-08-13 16:04:21,515] []  INFO {org.wso2.carbon.core.ServerManagement} - All requests have been served.
TID: [] [] [2026-08-13 16:04:21,516] []  INFO {org.wso2.carbon.core.ServerManagement} - Waiting for deployment completion...
TID: [] [] [2026-08-13 16:04:21,560] []  INFO {org.wso2.carbon.webapp.mgt.WebApplication} - Unloaded webapp: StandardEngine[Catalina].StandardHost[localhost].StandardContext[/mexut]
TID: [] [] [2026-08-13 16:04:21,572] []  INFO {org.wso2.carbon.webapp.mgt.WebApplication} - Unloaded webapp: StandardEngine[Catalina].StandardHost[localhost].StandardContext[/oauth2]
TID: [] [] [2026-08-13 16:04:21,579] []  INFO {org.wso2.carbon.webapp.mgt.WebApplication} - Unloaded webapp: StandardEngine[Catalina].StandardHost[localhost].StandardContext[/api/health-check/v1.0]
TID: [] [] [2026-08-13 16:04:21,596] []  INFO {org.wso2.carbon.webapp.mgt.WebApplication} - Unloaded webapp: StandardEngine[Catalina].StandardHost[localhost].StandardContext[/authenticationendpoint]
TID: [] [] [2026-08-13 16:04:21,605] []  INFO {org.wso2.carbon.webapp.mgt.WebApplication} - Unloaded webapp: StandardEngine[Catalina].StandardHost[localhost].StandardContext[/console]
TID: [] [] [2026-08-13 16:04:21,613] []  INFO {org.wso2.carbon.webapp.mgt.WebApplication} - Unloaded webapp: StandardEngine[Catalina].StandardHost[localhost].StandardContext[/oid4vci]
TID: [] [] [2026-08-13 16:04:21,623] []  INFO {org.wso2.carbon.webapp.mgt.WebApplication} - Unloaded webapp: StandardEngine[Catalina].StandardHost[localhost].StandardContext[/accountrecoveryendpoint]
TID: [] [] [2026-08-13 16:04:21,630] []  INFO {org.wso2.carbon.webapp.mgt.WebApplication} - Unloaded webapp: StandardEngine[Catalina].StandardHost[localhost].StandardContext[/mex]
TID: [] [] [2026-08-13 16:04:21,640] []  INFO {org.wso2.carbon.webapp.mgt.WebApplication} - Unloaded webapp: StandardEngine[Catalina].StandardHost[localhost].StandardContext[/scim2]
TID: [] [] [2026-08-13 16:04:21,649] []  INFO {org.wso2.carbon.webapp.mgt.WebApplication} - Unloaded webapp: StandardEngine[Catalina].StandardHost[localhost].StandardContext[/x509certificateauthenticationendpoint]
TID: [] [] [2026-08-13 16:04:21,666] []  INFO {org.wso2.carbon.webapp.mgt.WebApplication} - Unloaded webapp: StandardEngine[Catalina].StandardHost[localhost].StandardContext[/api]
TID: [] [] [2026-08-13 16:04:21,677] []  INFO {org.wso2.carbon.webapp.mgt.WebApplication} - Unloaded webapp: StandardEngine[Catalina].StandardHost[localhost].StandardContext[/wso2]
TID: [] [] [2026-08-13 16:04:21,683] []  INFO {org.wso2.carbon.webapp.mgt.WebApplication} - Unloaded webapp: StandardEngine[Catalina].StandardHost[localhost].StandardContext[/myaccount]
TID: [] [] [2026-08-13 16:04:21,688] []  INFO {org.wso2.carbon.webapp.mgt.WebApplication} - Unloaded webapp: StandardEngine[Catalina].StandardHost[localhost].StandardContext[/accounts]
TID: [] [] [2026-08-13 16:04:21,688] []  INFO {org.wso2.carbon.core.ServerManagement} - All deployment tasks have been completed.
TID: [] [] [2026-08-13 16:04:21,689] []  INFO {org.wso2.carbon.core.ServerManagement} - Waiting for server task completion...
TID: [] [] [2026-08-13 16:04:21,690] []  INFO {org.wso2.carbon.core.ServerManagement} - All server tasks have been completed.
TID: [] [] [2026-08-13 16:04:21,691] []  INFO {org.wso2.carbon.core.init.CarbonServerManager} - Shutting down WSO2 Identity Server...
TID: [] [] [2026-08-13 16:04:21,691] []  INFO {org.wso2.carbon.core.init.CarbonServerManager} - Shutting down OSGi framework...
TID: [] [] [2026-08-13 16:04:21,759] []  INFO {org.wso2.carbon.core.init.CarbonServerManager} - Stopping CarbonServerManager...
TID: [] [] [2026-08-13 16:04:21,946] []  INFO {org.wso2.carbon.tomcat.ext.internal.CarbonTomcatServiceComponent} - Stopping the carbon web-app registered under : /
TID: [-1234] [] [2026-08-13 16:04:23,003]  INFO {org.wso2.carbon.core.init.CarbonServerManager} - Shutdown complete 
TID: [-1234] [] [2026-08-13 16:04:23,004]  INFO {org.wso2.carbon.core.init.CarbonServerManager} - Halting JVM 
TID: [] [] [2026-08-13 16:07:18,675] []  INFO {org.ops4j.pax.logging.spi.support.EventAdminConfigurationNotifier} - Sending Event Admin notification (configuration successful) to org/ops4j/pax/logging/Configuration
TID: [] [] [2026-08-13 16:07:18,926] []  INFO {org.wso2.carbon.core.internal.CarbonCoreActivator} - Starting WSO2 Carbon...
TID: [] [] [2026-08-13 16:07:18,926] []  INFO {org.wso2.carbon.core.internal.CarbonCoreActivator} - Operating System : Linux 7.0.0-29-generic, amd64
TID: [] [] [2026-08-13 16:07:18,926] []  INFO {org.wso2.carbon.core.internal.CarbonCoreActivator} - Java Home        : /home/seyi-a/.jdks/jdk-21.0.12+8
TID: [] [] [2026-08-13 16:07:18,927] []  INFO {org.wso2.carbon.core.internal.CarbonCoreActivator} - Java Version     : 21.0.12
TID: [] [] [2026-08-13 16:07:18,927] []  INFO {org.wso2.carbon.core.internal.CarbonCoreActivator} - Java VM          : OpenJDK 64-Bit Server VM 21.0.12+8-LTS,Eclipse Adoptium
TID: [] [] [2026-08-13 16:07:18,927] []  INFO {org.wso2.carbon.core.internal.CarbonCoreActivator} - Carbon Home      : /home/seyi-a/DevFactory/wso2/wso2is-7.3.0
TID: [] [] [2026-08-13 16:07:18,927] []  INFO {org.wso2.carbon.core.internal.CarbonCoreActivator} - Java Temp Dir    : /home/seyi-a/DevFactory/wso2/wso2is-7.3.0/tmp
TID: [] [] [2026-08-13 16:07:18,927] []  INFO {org.wso2.carbon.core.internal.CarbonCoreActivator} - User             : seyi-a, en-US, Africa/Lagos
TID: [] [] [2026-08-13 16:07:21,860] []  WARN {org.apache.tomcat.util.net.SSLHostConfig} - The TLS 1.3 cipher suite [TLS_AES_128_GCM_SHA256] included in the TLS 1.2 and below ciphers list will be removed from the TLS 1.2 ciphers list and added to the end of the TLS 1.3 cipher suite list
TID: [] [] [2026-08-13 16:07:21,862] []  WARN {org.apache.tomcat.util.net.SSLHostConfig} - The TLS 1.3 cipher suite [TLS_AES_256_GCM_SHA384] included in the TLS 1.2 and below ciphers list will be removed from the TLS 1.2 ciphers list and added to the end of the TLS 1.3 cipher suite list
TID: [] [] [2026-08-13 16:07:21,863] []  WARN {org.apache.tomcat.util.net.SSLHostConfig} - The TLS 1.3 cipher suite [TLS_CHACHA20_POLY1305_SHA256] included in the TLS 1.2 and below ciphers list will be removed from the TLS 1.2 ciphers list and added to the end of the TLS 1.3 cipher suite list
TID: [] [] [2026-08-13 16:07:22,679] []  INFO {org.apache.jasper.servlet.TldScanner} - At least one JAR was scanned for TLDs yet contained no TLDs. Enable debug logging for this logger for a complete list of JARs that were scanned but no TLDs were found in them. Skipping unneeded JARs during scanning can improve startup time and JSP compilation time.
TID: [] [] [2026-08-13 16:07:24,720] []  INFO {org.wso2.carbon.core.init.CarbonServerManager} - Repository       : /home/seyi-a/DevFactory/wso2/wso2is-7.3.0/repository/deployment/server/
TID: [] [] [2026-08-13 16:07:24,763] []  INFO {org.wso2.carbon.core.multitenancy.eager.TenantLoadingConfig} - Using tenant lazy loading policy...
TID: [] [] [2026-08-13 16:07:24,777] []  INFO {org.wso2.carbon.core.internal.permission.update.PermissionUpdater} - Permission cache updated for tenant -1234
TID: [] [] [2026-08-13 16:07:27,922] []  WARN {org.wso2.carbon.identity.auth.service.internal.AuthenticationServiceComponent} - 

##################################  ALERT  ##################################
[WARNING]: Internal authentication is utilizing default credentials,
which may expose the environment to potential security risks.
If this is a production environment, change the credentials immediately.
#############################################################################

TID: [] [] [2026-08-13 16:07:31,510] []  INFO {org.wso2.carbon.identity.application.authentication.framework.store.SessionDataStore} - Thread pool size for temporary authentication context data delete task: 20
TID: [] [] [2026-08-13 16:07:31,760] []  INFO {org.opensaml.core.config.InitializationService} - Initializing OpenSAML using the Java Services API
TID: [] [] [2026-08-13 16:07:33,548] []  INFO {org.wso2.carbon.user.core.common.UserStoreDeploymentManager} - Realm configuration of tenant:-1234  modified with /home/seyi-a/DevFactory/wso2/wso2is-7.3.0/repository/deployment/server/userstores/AGENT.xml
TID: [] [] [2026-08-13 16:07:39,750] []  INFO {org.hibernate.validator.internal.util.Version} - HV000001: Hibernate Validator 6.2.5.Final
TID: [] [] [2026-08-13 16:07:51,553] []  INFO {org.wso2.carbon.core.transports.http.HttpTransportListener} - HTTP port        : 9763
TID: [] [] [2026-08-13 16:07:51,554] []  INFO {org.wso2.carbon.core.transports.http.HttpsTransportListener} - HTTPS port       : 9443
TID: [] [] [2026-08-13 16:07:51,812] []  INFO {org.apache.tomcat.util.net.NioEndpoint.certificate} - Connector [https-jsse-nio-9443], TLS virtual host [_default_], certificate type [UNDEFINED] configured from keystore [/home/seyi-a/DevFactory/wso2/wso2is-7.3.0/repository/resources/security/wso2carbon.p12] using alias [wso2carbon] with trust store [/home/seyi-a/DevFactory/wso2/wso2is-7.3.0/repository/resources/security/client-truststore.p12]
TID: [] [] [2026-08-13 16:07:51,866] []  INFO {org.wso2.identity.apps.common.internal.AppsCommonServiceStartupObserver} - My Account URL : https://wso2.local:9443/myaccount
TID: [] [] [2026-08-13 16:07:51,867] []  INFO {org.wso2.identity.apps.common.internal.AppsCommonServiceStartupObserver} - Console URL : https://wso2.local:9443/console
TID: [] [] [2026-08-13 16:07:51,867] []  INFO {org.wso2.carbon.core.internal.StartupFinalizerServiceComponent} - Server           :  WSO2 Identity Server-7.3.0
TID: [] [] [2026-08-13 16:07:51,877] []  INFO {org.wso2.carbon.core.internal.StartupFinalizerServiceComponent} - WSO2 Carbon started in 37 sec
TID: [] [] [2026-08-13 16:07:51,888] []  INFO {org.wso2.carbon.healthcheck.api.core.internal.HealthMonitorServiceComponent} - Carbon health monitoring service is activated..
TID: [] [] [2026-08-13 16:11:22,084] []  WARN {org.wso2.carbon.usage.data.receiver.core.a.a} - No subscription file found matching pattern 'subscription-*.json' in directory: /home/seyi-a/DevFactory/wso2/wso2is-7.3.0. Please place a subscription file at this location to enable usage data collection.
TID: [] [] [2026-08-13 16:11:22,097] []  WARN {org.wso2.carbon.usage.data.receiver.core.util.DatabaseAvailabilityChecker} - Required table 'USAGE_COUNT' does not exist in the database. Usage data collection will be disabled until tables are created.
TID: [-1234] [] [2026-08-13 16:27:38,722] [457e1aa6-1a8d-418d-92f3-270b56948fa0]  INFO {org.opensaml.core.config.InitializationService} - Initializing OpenSAML using the Java Services API
TID: [-1234] [] [2026-08-13 16:42:06,384] [7bec4af3-1dc7-4208-8d57-a622247e2fc0]  WARN {org.wso2.carbon.identity.oidc.session.servlet.OIDCLogoutServlet} - Provided Post logout redirect URL does not match the registered callback url.
TID: [-1234] [] [2026-08-13 16:52:06,307] [36620d52-1877-4473-b257-270b73add496]  WARN {org.wso2.carbon.identity.oidc.session.servlet.OIDCLogoutServlet} - Provided Post logout redirect URL does not match the registered callback url.
TID: [-1234] [api] [2026-08-13 16:55:52,626] [17e4bf14-f39a-47dc-b041-abe4d46e9922]  INFO {org.wso2.carbon.identity.tenant.resource.manager.TenantAwareAxis2ConfigurationContextObserver} - Loading configuration context for tenant domain: ibileltdofficial
TID: [-1234] [api] [2026-08-13 16:55:52,631] [17e4bf14-f39a-47dc-b041-abe4d46e9922]  INFO {org.wso2.carbon.core.multitenancy.TenantAxisConfigurator} - Creating tenant AxisConfiguration for tenant: ibileltdofficial[3]
TID: [-1234] [api] [2026-08-13 16:55:52,815] [17e4bf14-f39a-47dc-b041-abe4d46e9922]  INFO {org.wso2.carbon.core.internal.permission.update.PermissionUpdater} - Permission cache updated for tenant 3
TID: [-1234] [api] [2026-08-13 16:55:52,846] [17e4bf14-f39a-47dc-b041-abe4d46e9922]  INFO {org.wso2.carbon.core.multitenancy.utils.TenantAxisUtils} - Loaded tenant ibileltdofficial in 226 ms
TID: [-1234] [api] [2026-08-13 16:55:52,870] [17e4bf14-f39a-47dc-b041-abe4d46e9922]  INFO {org.wso2.carbon.identity.user.store.configuration.utils.SecondaryUserStoreConfigurationUtil} - folder 'userstores' created to store configurations for tenant = 3
TID: [-1234] [api] [2026-08-13 16:55:52,879] [17e4bf14-f39a-47dc-b041-abe4d46e9922]  INFO {org.wso2.carbon.identity.configuration.mgt.core.ConfigurationManagerImpl} - Resource: ocspvalidator added successfully
TID: [-1234] [api] [2026-08-13 16:55:52,880] [17e4bf14-f39a-47dc-b041-abe4d46e9922]  INFO {org.wso2.carbon.identity.configuration.mgt.core.ConfigurationManagerImpl} - Resource: crlvalidator added successfully
TID: [-1234] [api] [2026-08-13 16:55:52,882] [17e4bf14-f39a-47dc-b041-abe4d46e9922]  INFO {org.wso2.carbon.tenant.mgt.services.TenantMgtImpl} - Added the tenant 'ibileltdofficial [3]' by 'a***n'
TID: [] [] [2026-08-13 17:26:52,320] []  INFO {org.wso2.carbon.core.multitenancy.utils.TenantAxisUtils} - Starting to clean tenant : ibileltdofficial
TID: [] [] [2026-08-13 17:26:52,371] []  INFO {org.wso2.carbon.core.multitenancy.utils.TenantAxisUtils} - Cleaned up tenant ibileltdofficial
TID: [-1234] [oauth2] [2026-08-13 17:55:04,465] [9e770985-3876-4c91-a2c5-c490231c974c] ERROR {org.wso2.carbon.identity.oauth2.validators.jwt.JWKSBasedJWTValidator} - Error occurred while accessing remote JWKS endpoint: https://wso2.local:9443/oauth2/jwkscom.nimbusds.jose.RemoteKeySourceException: Couldn't retrieve remote JWK set: wso2.local
	at com.nimbusds.jose.jwk.source.RemoteJWKSet.updateJWKSetFromURL(RemoteJWKSet.java:306)
	at com.nimbusds.jose.jwk.source.RemoteJWKSet.get(RemoteJWKSet.java:436)
	at org.wso2.carbon.identity.oauth2.validators.jwt.JWKSBasedJWTValidator.checkCertificateValidity(JWKSBasedJWTValidator.java:149)
	at org.wso2.carbon.identity.oauth2.validators.jwt.JWKSBasedJWTValidator.validateSignature(JWKSBasedJWTValidator.java:92)
	at org.wso2.carbon.identity.oauth2.grant.token.exchange.utils.TokenExchangeUtils.validateUsingJWKSUri(TokenExchangeUtils.java:1104)
	at org.wso2.carbon.identity.oauth2.grant.token.exchange.utils.TokenExchangeUtils.validateSignature(TokenExchangeUtils.java:376)
	at org.wso2.carbon.identity.oauth2.grant.token.exchange.TokenExchangeGrantHandler.handleJWTSubjectToken(TokenExchangeGrantHandler.java:739)
	at org.wso2.carbon.identity.oauth2.grant.token.exchange.TokenExchangeGrantHandler.validateGrant(TokenExchangeGrantHandler.java:158)
	at org.wso2.carbon.identity.oauth2.token.AccessTokenIssuer.validateGrantAndIssueToken(AccessTokenIssuer.java:455)
	at org.wso2.carbon.identity.oauth2.token.AccessTokenIssuer.issue(AccessTokenIssuer.java:401)
	at org.wso2.carbon.identity.oauth2.OAuth2Service.issueAccessToken(OAuth2Service.java:453)
	at org.wso2.carbon.identity.oauth.endpoint.token.OAuth2TokenEndpoint.issueAccessToken(OAuth2TokenEndpoint.java:409)
	at org.wso2.carbon.identity.oauth.endpoint.token.OAuth2TokenEndpoint.issueAccessToken(OAuth2TokenEndpoint.java:196)
	at org.wso2.carbon.identity.oauth.endpoint.token.OAuth2TokenEndpoint.issueAccessToken(OAuth2TokenEndpoint.java:168)
	at java.base/jdk.internal.reflect.DirectMethodHandleAccessor.invoke(DirectMethodHandleAccessor.java:103)
	at java.base/java.lang.reflect.Method.invoke(Method.java:580)
	at org.apache.cxf.service.invoker.AbstractInvoker.performInvocation(AbstractInvoker.java:179)
	at org.apache.cxf.service.invoker.AbstractInvoker.invoke(AbstractInvoker.java:96)
	at org.apache.cxf.jaxrs.JAXRSInvoker.invoke(JAXRSInvoker.java:201)
	at org.apache.cxf.jaxrs.JAXRSInvoker.invoke(JAXRSInvoker.java:104)
	at org.apache.cxf.interceptor.ServiceInvokerInterceptor$1.run(ServiceInvokerInterceptor.java:59)
	at org.apache.cxf.interceptor.ServiceInvokerInterceptor.handleMessage(ServiceInvokerInterceptor.java:96)
	at org.apache.cxf.phase.PhaseInterceptorChain.doIntercept(PhaseInterceptorChain.java:307)
	at org.apache.cxf.transport.ChainInitiationObserver.onMessage(ChainInitiationObserver.java:121)
	at org.apache.cxf.transport.http.AbstractHTTPDestination.invoke(AbstractHTTPDestination.java:267)
	at org.apache.cxf.transport.servlet.ServletController.invokeDestination(ServletController.java:234)
	at org.apache.cxf.transport.servlet.ServletController.invoke(ServletController.java:208)
	at org.apache.cxf.transport.servlet.ServletController.invoke(ServletController.java:160)
	at org.apache.cxf.transport.servlet.CXFNonSpringServlet.invoke(CXFNonSpringServlet.java:225)
	at org.apache.cxf.transport.servlet.AbstractHTTPServlet.handleRequest(AbstractHTTPServlet.java:304)
	at org.apache.cxf.transport.servlet.AbstractHTTPServlet.doPost(AbstractHTTPServlet.java:217)
	at javax.servlet.http.HttpServlet.service(HttpServlet.java:555)
	at org.apache.cxf.transport.servlet.AbstractHTTPServlet.service(AbstractHTTPServlet.java:279)
	at org.apache.catalina.core.ApplicationFilterChain.internalDoFilter(ApplicationFilterChain.java:197)
	at org.apache.catalina.core.ApplicationFilterChain.doFilter(ApplicationFilterChain.java:142)
	at org.apache.tomcat.websocket.server.WsFilter.doFilter(WsFilter.java:51)
	at org.apache.catalina.core.ApplicationFilterChain.internalDoFilter(ApplicationFilterChain.java:166)
	at org.apache.catalina.core.ApplicationFilterChain.doFilter(ApplicationFilterChain.java:142)
	at org.wso2.carbon.webapp.mgt.filter.AuthorizationHeaderFilter.doFilter(AuthorizationHeaderFilter.java:128)
	at org.apache.catalina.core.ApplicationFilterChain.internalDoFilter(ApplicationFilterChain.java:166)
	at org.apache.catalina.core.ApplicationFilterChain.doFilter(ApplicationFilterChain.java:142)
	at org.wso2.carbon.tomcat.ext.filter.ContentTypeBasedCachePreventionFilter.doFilter(ContentTypeBasedCachePreventionFilter.java:51)
	at org.apache.catalina.core.ApplicationFilterChain.internalDoFilter(ApplicationFilterChain.java:166)
	at org.apache.catalina.core.ApplicationFilterChain.doFilter(ApplicationFilterChain.java:142)
	at org.apache.catalina.filters.HttpHeaderSecurityFilter.doFilter(HttpHeaderSecurityFilter.java:129)
	at org.apache.catalina.core.ApplicationFilterChain.internalDoFilter(ApplicationFilterChain.java:166)
	at org.apache.catalina.core.ApplicationFilterChain.doFilter(ApplicationFilterChain.java:142)
	at org.apache.catalina.core.StandardWrapperValve.invoke(StandardWrapperValve.java:166)
	at org.apache.catalina.core.StandardContextValve.invoke(StandardContextValve.java:88)
	at org.apache.catalina.authenticator.AuthenticatorBase.invoke(AuthenticatorBase.java:491)
	at org.apache.catalina.core.StandardHostValve.invoke(StandardHostValve.java:127)
	at org.wso2.carbon.identity.context.rewrite.valve.TenantContextRewriteValve.invoke(TenantContextRewriteValve.java:235)
	at org.apache.catalina.valves.ErrorReportValve.invoke(ErrorReportValve.java:83)
	at org.wso2.carbon.identity.context.rewrite.valve.OrganizationContextRewriteValve.invoke(OrganizationContextRewriteValve.java:123)
	at org.wso2.carbon.tomcat.ext.valves.SameSiteCookieValve.invoke(SameSiteCookieValve.java:38)
	at org.wso2.carbon.identity.cors.valve.CORSValve.invoke(CORSValve.java:83)
	at org.wso2.carbon.identity.authz.valve.AuthorizationValve.invoke(AuthorizationValve.java:209)
	at org.wso2.carbon.identity.auth.valve.AuthenticationValve.invoke(AuthenticationValve.java:137)
	at org.wso2.carbon.tomcat.ext.valves.CompositeValve.continueInvocation(CompositeValve.java:110)
	at org.wso2.carbon.tomcat.ext.valves.TomcatValveContainer.invokeValves(TomcatValveContainer.java:49)
	at org.wso2.carbon.tomcat.ext.valves.CompositeValve.invoke(CompositeValve.java:71)
	at org.wso2.carbon.tomcat.ext.valves.CarbonStuckThreadDetectionValve.invoke(CarbonStuckThreadDetectionValve.java:150)
	at org.wso2.carbon.extension.identity.x509Certificate.valve.X509CertificateAuthenticationValve.invoke(X509CertificateAuthenticationValve.java:63)
	at org.apache.catalina.valves.AbstractAccessLogValve.invoke(AbstractAccessLogValve.java:764)
	at org.wso2.carbon.identity.core.context.valve.IdentityContextCreatorValve.invoke(IdentityContextCreatorValve.java:55)
	at org.wso2.carbon.tomcat.ext.valves.CarbonContextCreatorValve.invoke(CarbonContextCreatorValve.java:63)
	at org.wso2.carbon.tomcat.ext.valves.RequestEncodingValve.invoke(RequestEncodingValve.java:49)
	at org.wso2.carbon.tomcat.ext.valves.RequestNormalizationValve.invoke(RequestNormalizationValve.java:50)
	at org.wso2.carbon.tomcat.ext.valves.RequestCorrelationIdValve.invoke(RequestCorrelationIdValve.java:137)
	at org.apache.catalina.core.StandardEngineValve.invoke(StandardEngineValve.java:72)
	at org.apache.catalina.connector.CoyoteAdapter.service(CoyoteAdapter.java:344)
	at org.apache.coyote.http11.Http11Processor.service(Http11Processor.java:398)
	at org.apache.coyote.AbstractProcessorLight.process(AbstractProcessorLight.java:63)
	at org.apache.coyote.AbstractProtocol$ConnectionHandler.process(AbstractProtocol.java:1309)
	at org.apache.tomcat.util.net.NioEndpoint$SocketProcessor.doRun(NioEndpoint.java:1854)
	at org.apache.tomcat.util.net.SocketProcessorBase.run(SocketProcessorBase.java:52)
	at org.apache.tomcat.util.threads.ThreadPoolExecutor.runWorker(ThreadPoolExecutor.java:973)
	at org.apache.tomcat.util.threads.ThreadPoolExecutor$Worker.run(ThreadPoolExecutor.java:491)
	at org.apache.tomcat.util.threads.TaskThread$WrappingRunnable.run(TaskThread.java:63)
	at java.base/java.lang.Thread.run(Thread.java:1583)
Caused by: java.net.UnknownHostException: wso2.local
	at java.base/sun.nio.ch.NioSocketImpl.connect(NioSocketImpl.java:567)
	at java.base/java.net.SocksSocketImpl.connect(SocksSocketImpl.java:327)
	at java.base/java.net.Socket.connect(Socket.java:751)
	at java.base/sun.security.ssl.SSLSocketImpl.connect(SSLSocketImpl.java:304)
	at java.base/sun.net.NetworkClient.doConnect(NetworkClient.java:178)
	at java.base/sun.net.www.http.HttpClient.openServer(HttpClient.java:531)
	at java.base/sun.net.www.http.HttpClient.openServer(HttpClient.java:636)
	at java.base/sun.net.www.protocol.https.HttpsClient.<init>(HttpsClient.java:265)
	at java.base/sun.net.www.protocol.https.HttpsClient.New(HttpsClient.java:378)
	at java.base/sun.net.www.protocol.https.AbstractDelegateHttpsURLConnection.getNewHttpClient(AbstractDelegateHttpsURLConnection.java:196)
	at java.base/sun.net.www.protocol.http.HttpURLConnection.plainConnect0(HttpURLConnection.java:1257)
	at java.base/sun.net.www.protocol.http.HttpURLConnection.plainConnect(HttpURLConnection.java:1143)
	at java.base/sun.net.www.protocol.http.HttpURLConnection.connect(HttpURLConnection.java:1072)
	at java.base/sun.net.www.protocol.https.AbstractDelegateHttpsURLConnection.connect(AbstractDelegateHttpsURLConnection.java:181)
	at java.base/sun.net.www.protocol.http.HttpURLConnection.getInputStream0(HttpURLConnection.java:1705)
	at java.base/sun.net.www.protocol.http.HttpURLConnection.getInputStream(HttpURLConnection.java:1629)
	at java.base/sun.net.www.protocol.https.HttpsURLConnectionImpl.getInputStream(HttpsURLConnectionImpl.java:223)
	at com.nimbusds.jose.util.DefaultResourceRetriever.getInputStream(DefaultResourceRetriever.java:366)
	at com.nimbusds.jose.util.DefaultResourceRetriever.retrieveResource(DefaultResourceRetriever.java:269)
	at com.nimbusds.jose.jwk.source.RemoteJWKSet.updateJWKSetFromURL(RemoteJWKSet.java:304)
	... 79 more

TID: [-1234] [oauth2] [2026-08-13 17:59:56,196] [5ff1c0ed-52ec-4083-994f-db916c728ea7] ERROR {org.wso2.carbon.identity.oauth2.validators.jwt.JWKSBasedJWTValidator} - Error occurred while accessing remote JWKS endpoint: https://wso2.local:9443/oauth2/jwkscom.nimbusds.jose.RemoteKeySourceException: Couldn't retrieve remote JWK set: HTTPS hostname wrong:  should be <wso2.local>
	at com.nimbusds.jose.jwk.source.RemoteJWKSet.updateJWKSetFromURL(RemoteJWKSet.java:306)
	at com.nimbusds.jose.jwk.source.RemoteJWKSet.get(RemoteJWKSet.java:436)
	at org.wso2.carbon.identity.oauth2.validators.jwt.JWKSBasedJWTValidator.checkCertificateValidity(JWKSBasedJWTValidator.java:149)
	at org.wso2.carbon.identity.oauth2.validators.jwt.JWKSBasedJWTValidator.validateSignature(JWKSBasedJWTValidator.java:92)
	at org.wso2.carbon.identity.oauth2.grant.token.exchange.utils.TokenExchangeUtils.validateUsingJWKSUri(TokenExchangeUtils.java:1104)
	at org.wso2.carbon.identity.oauth2.grant.token.exchange.utils.TokenExchangeUtils.validateSignature(TokenExchangeUtils.java:376)
	at org.wso2.carbon.identity.oauth2.grant.token.exchange.TokenExchangeGrantHandler.handleJWTSubjectToken(TokenExchangeGrantHandler.java:739)
	at org.wso2.carbon.identity.oauth2.grant.token.exchange.TokenExchangeGrantHandler.validateGrant(TokenExchangeGrantHandler.java:158)
	at org.wso2.carbon.identity.oauth2.token.AccessTokenIssuer.validateGrantAndIssueToken(AccessTokenIssuer.java:455)
	at org.wso2.carbon.identity.oauth2.token.AccessTokenIssuer.issue(AccessTokenIssuer.java:401)
	at org.wso2.carbon.identity.oauth2.OAuth2Service.issueAccessToken(OAuth2Service.java:453)
	at org.wso2.carbon.identity.oauth.endpoint.token.OAuth2TokenEndpoint.issueAccessToken(OAuth2TokenEndpoint.java:409)
	at org.wso2.carbon.identity.oauth.endpoint.token.OAuth2TokenEndpoint.issueAccessToken(OAuth2TokenEndpoint.java:196)
	at org.wso2.carbon.identity.oauth.endpoint.token.OAuth2TokenEndpoint.issueAccessToken(OAuth2TokenEndpoint.java:168)
	at java.base/jdk.internal.reflect.DirectMethodHandleAccessor.invoke(DirectMethodHandleAccessor.java:103)
	at java.base/java.lang.reflect.Method.invoke(Method.java:580)
	at org.apache.cxf.service.invoker.AbstractInvoker.performInvocation(AbstractInvoker.java:179)
	at org.apache.cxf.service.invoker.AbstractInvoker.invoke(AbstractInvoker.java:96)
	at org.apache.cxf.jaxrs.JAXRSInvoker.invoke(JAXRSInvoker.java:201)
	at org.apache.cxf.jaxrs.JAXRSInvoker.invoke(JAXRSInvoker.java:104)
	at org.apache.cxf.interceptor.ServiceInvokerInterceptor$1.run(ServiceInvokerInterceptor.java:59)
	at org.apache.cxf.interceptor.ServiceInvokerInterceptor.handleMessage(ServiceInvokerInterceptor.java:96)
	at org.apache.cxf.phase.PhaseInterceptorChain.doIntercept(PhaseInterceptorChain.java:307)
	at org.apache.cxf.transport.ChainInitiationObserver.onMessage(ChainInitiationObserver.java:121)
	at org.apache.cxf.transport.http.AbstractHTTPDestination.invoke(AbstractHTTPDestination.java:267)
	at org.apache.cxf.transport.servlet.ServletController.invokeDestination(ServletController.java:234)
	at org.apache.cxf.transport.servlet.ServletController.invoke(ServletController.java:208)
	at org.apache.cxf.transport.servlet.ServletController.invoke(ServletController.java:160)
	at org.apache.cxf.transport.servlet.CXFNonSpringServlet.invoke(CXFNonSpringServlet.java:225)
	at org.apache.cxf.transport.servlet.AbstractHTTPServlet.handleRequest(AbstractHTTPServlet.java:304)
	at org.apache.cxf.transport.servlet.AbstractHTTPServlet.doPost(AbstractHTTPServlet.java:217)
	at javax.servlet.http.HttpServlet.service(HttpServlet.java:555)
	at org.apache.cxf.transport.servlet.AbstractHTTPServlet.service(AbstractHTTPServlet.java:279)
	at org.apache.catalina.core.ApplicationFilterChain.internalDoFilter(ApplicationFilterChain.java:197)
	at org.apache.catalina.core.ApplicationFilterChain.doFilter(ApplicationFilterChain.java:142)
	at org.apache.tomcat.websocket.server.WsFilter.doFilter(WsFilter.java:51)
	at org.apache.catalina.core.ApplicationFilterChain.internalDoFilter(ApplicationFilterChain.java:166)
	at org.apache.catalina.core.ApplicationFilterChain.doFilter(ApplicationFilterChain.java:142)
	at org.wso2.carbon.webapp.mgt.filter.AuthorizationHeaderFilter.doFilter(AuthorizationHeaderFilter.java:128)
	at org.apache.catalina.core.ApplicationFilterChain.internalDoFilter(ApplicationFilterChain.java:166)
	at org.apache.catalina.core.ApplicationFilterChain.doFilter(ApplicationFilterChain.java:142)
	at org.wso2.carbon.tomcat.ext.filter.ContentTypeBasedCachePreventionFilter.doFilter(ContentTypeBasedCachePreventionFilter.java:51)
	at org.apache.catalina.core.ApplicationFilterChain.internalDoFilter(ApplicationFilterChain.java:166)
	at org.apache.catalina.core.ApplicationFilterChain.doFilter(ApplicationFilterChain.java:142)
	at org.apache.catalina.filters.HttpHeaderSecurityFilter.doFilter(HttpHeaderSecurityFilter.java:129)
	at org.apache.catalina.core.ApplicationFilterChain.internalDoFilter(ApplicationFilterChain.java:166)
	at org.apache.catalina.core.ApplicationFilterChain.doFilter(ApplicationFilterChain.java:142)
	at org.apache.catalina.core.StandardWrapperValve.invoke(StandardWrapperValve.java:166)
	at org.apache.catalina.core.StandardContextValve.invoke(StandardContextValve.java:88)
	at org.apache.catalina.authenticator.AuthenticatorBase.invoke(AuthenticatorBase.java:491)
	at org.apache.catalina.core.StandardHostValve.invoke(StandardHostValve.java:127)
	at org.wso2.carbon.identity.context.rewrite.valve.TenantContextRewriteValve.invoke(TenantContextRewriteValve.java:235)
	at org.apache.catalina.valves.ErrorReportValve.invoke(ErrorReportValve.java:83)
	at org.wso2.carbon.identity.context.rewrite.valve.OrganizationContextRewriteValve.invoke(OrganizationContextRewriteValve.java:123)
	at org.wso2.carbon.tomcat.ext.valves.SameSiteCookieValve.invoke(SameSiteCookieValve.java:38)
	at org.wso2.carbon.identity.cors.valve.CORSValve.invoke(CORSValve.java:83)
	at org.wso2.carbon.identity.authz.valve.AuthorizationValve.invoke(AuthorizationValve.java:209)
	at org.wso2.carbon.identity.auth.valve.AuthenticationValve.invoke(AuthenticationValve.java:137)
	at org.wso2.carbon.tomcat.ext.valves.CompositeValve.continueInvocation(CompositeValve.java:110)
	at org.wso2.carbon.tomcat.ext.valves.TomcatValveContainer.invokeValves(TomcatValveContainer.java:49)
	at org.wso2.carbon.tomcat.ext.valves.CompositeValve.invoke(CompositeValve.java:71)
	at org.wso2.carbon.tomcat.ext.valves.CarbonStuckThreadDetectionValve.invoke(CarbonStuckThreadDetectionValve.java:150)
	at org.wso2.carbon.extension.identity.x509Certificate.valve.X509CertificateAuthenticationValve.invoke(X509CertificateAuthenticationValve.java:63)
	at org.apache.catalina.valves.AbstractAccessLogValve.invoke(AbstractAccessLogValve.java:764)
	at org.wso2.carbon.identity.core.context.valve.IdentityContextCreatorValve.invoke(IdentityContextCreatorValve.java:55)
	at org.wso2.carbon.tomcat.ext.valves.CarbonContextCreatorValve.invoke(CarbonContextCreatorValve.java:63)
	at org.wso2.carbon.tomcat.ext.valves.RequestEncodingValve.invoke(RequestEncodingValve.java:49)
	at org.wso2.carbon.tomcat.ext.valves.RequestNormalizationValve.invoke(RequestNormalizationValve.java:50)
	at org.wso2.carbon.tomcat.ext.valves.RequestCorrelationIdValve.invoke(RequestCorrelationIdValve.java:137)
	at org.apache.catalina.core.StandardEngineValve.invoke(StandardEngineValve.java:72)
	at org.apache.catalina.connector.CoyoteAdapter.service(CoyoteAdapter.java:344)
	at org.apache.coyote.http11.Http11Processor.service(Http11Processor.java:398)
	at org.apache.coyote.AbstractProcessorLight.process(AbstractProcessorLight.java:63)
	at org.apache.coyote.AbstractProtocol$ConnectionHandler.process(AbstractProtocol.java:1309)
	at org.apache.tomcat.util.net.NioEndpoint$SocketProcessor.doRun(NioEndpoint.java:1854)
	at org.apache.tomcat.util.net.SocketProcessorBase.run(SocketProcessorBase.java:52)
	at org.apache.tomcat.util.threads.ThreadPoolExecutor.runWorker(ThreadPoolExecutor.java:973)
	at org.apache.tomcat.util.threads.ThreadPoolExecutor$Worker.run(ThreadPoolExecutor.java:491)
	at org.apache.tomcat.util.threads.TaskThread$WrappingRunnable.run(TaskThread.java:63)
	at java.base/java.lang.Thread.run(Thread.java:1583)
Caused by: java.io.IOException: HTTPS hostname wrong:  should be <wso2.local>
	at java.base/sun.net.www.protocol.https.HttpsClient.checkURLSpoofing(HttpsClient.java:674)
	at java.base/sun.net.www.protocol.https.HttpsClient.afterConnect(HttpsClient.java:607)
	at java.base/sun.net.www.protocol.https.AbstractDelegateHttpsURLConnection.connect(AbstractDelegateHttpsURLConnection.java:190)
	at java.base/sun.net.www.protocol.http.HttpURLConnection.getInputStream0(HttpURLConnection.java:1705)
	at java.base/sun.net.www.protocol.http.HttpURLConnection.getInputStream(HttpURLConnection.java:1629)
	at java.base/sun.net.www.protocol.https.HttpsURLConnectionImpl.getInputStream(HttpsURLConnectionImpl.java:223)
	at com.nimbusds.jose.util.DefaultResourceRetriever.getInputStream(DefaultResourceRetriever.java:366)
	at com.nimbusds.jose.util.DefaultResourceRetriever.retrieveResource(DefaultResourceRetriever.java:269)
	at com.nimbusds.jose.jwk.source.RemoteJWKSet.updateJWKSetFromURL(RemoteJWKSet.java:304)
	... 79 more

TID: [-1234] [oauth2] [2026-08-13 18:30:03,670] [73eba84a-28cb-4763-89e6-09e7cd39f563] ERROR {org.wso2.carbon.identity.oauth2.validators.jwt.JWKSBasedJWTValidator} - Error occurred while accessing remote JWKS endpoint: https://wso2.local:9443/oauth2/jwkscom.nimbusds.jose.RemoteKeySourceException: Couldn't retrieve remote JWK set: HTTPS hostname wrong:  should be <wso2.local>
	at com.nimbusds.jose.jwk.source.RemoteJWKSet.updateJWKSetFromURL(RemoteJWKSet.java:306)
	at com.nimbusds.jose.jwk.source.RemoteJWKSet.get(RemoteJWKSet.java:436)
	at org.wso2.carbon.identity.oauth2.validators.jwt.JWKSBasedJWTValidator.checkCertificateValidity(JWKSBasedJWTValidator.java:149)
	at org.wso2.carbon.identity.oauth2.validators.jwt.JWKSBasedJWTValidator.validateSignature(JWKSBasedJWTValidator.java:92)
	at org.wso2.carbon.identity.oauth2.grant.token.exchange.utils.TokenExchangeUtils.validateUsingJWKSUri(TokenExchangeUtils.java:1104)
	at org.wso2.carbon.identity.oauth2.grant.token.exchange.utils.TokenExchangeUtils.validateSignature(TokenExchangeUtils.java:376)
	at org.wso2.carbon.identity.oauth2.grant.token.exchange.TokenExchangeGrantHandler.handleJWTSubjectToken(TokenExchangeGrantHandler.java:739)
	at org.wso2.carbon.identity.oauth2.grant.token.exchange.TokenExchangeGrantHandler.validateGrant(TokenExchangeGrantHandler.java:158)
	at org.wso2.carbon.identity.oauth2.token.AccessTokenIssuer.validateGrantAndIssueToken(AccessTokenIssuer.java:455)
	at org.wso2.carbon.identity.oauth2.token.AccessTokenIssuer.issue(AccessTokenIssuer.java:401)
	at org.wso2.carbon.identity.oauth2.OAuth2Service.issueAccessToken(OAuth2Service.java:453)
	at org.wso2.carbon.identity.oauth.endpoint.token.OAuth2TokenEndpoint.issueAccessToken(OAuth2TokenEndpoint.java:409)
	at org.wso2.carbon.identity.oauth.endpoint.token.OAuth2TokenEndpoint.issueAccessToken(OAuth2TokenEndpoint.java:196)
	at org.wso2.carbon.identity.oauth.endpoint.token.OAuth2TokenEndpoint.issueAccessToken(OAuth2TokenEndpoint.java:168)
	at java.base/jdk.internal.reflect.DirectMethodHandleAccessor.invoke(DirectMethodHandleAccessor.java:103)
	at java.base/java.lang.reflect.Method.invoke(Method.java:580)
	at org.apache.cxf.service.invoker.AbstractInvoker.performInvocation(AbstractInvoker.java:179)
	at org.apache.cxf.service.invoker.AbstractInvoker.invoke(AbstractInvoker.java:96)
	at org.apache.cxf.jaxrs.JAXRSInvoker.invoke(JAXRSInvoker.java:201)
	at org.apache.cxf.jaxrs.JAXRSInvoker.invoke(JAXRSInvoker.java:104)
	at org.apache.cxf.interceptor.ServiceInvokerInterceptor$1.run(ServiceInvokerInterceptor.java:59)
	at org.apache.cxf.interceptor.ServiceInvokerInterceptor.handleMessage(ServiceInvokerInterceptor.java:96)
	at org.apache.cxf.phase.PhaseInterceptorChain.doIntercept(PhaseInterceptorChain.java:307)
	at org.apache.cxf.transport.ChainInitiationObserver.onMessage(ChainInitiationObserver.java:121)
	at org.apache.cxf.transport.http.AbstractHTTPDestination.invoke(AbstractHTTPDestination.java:267)
	at org.apache.cxf.transport.servlet.ServletController.invokeDestination(ServletController.java:234)
	at org.apache.cxf.transport.servlet.ServletController.invoke(ServletController.java:208)
	at org.apache.cxf.transport.servlet.ServletController.invoke(ServletController.java:160)
	at org.apache.cxf.transport.servlet.CXFNonSpringServlet.invoke(CXFNonSpringServlet.java:225)
	at org.apache.cxf.transport.servlet.AbstractHTTPServlet.handleRequest(AbstractHTTPServlet.java:304)
	at org.apache.cxf.transport.servlet.AbstractHTTPServlet.doPost(AbstractHTTPServlet.java:217)
	at javax.servlet.http.HttpServlet.service(HttpServlet.java:555)
	at org.apache.cxf.transport.servlet.AbstractHTTPServlet.service(AbstractHTTPServlet.java:279)
	at org.apache.catalina.core.ApplicationFilterChain.internalDoFilter(ApplicationFilterChain.java:197)
	at org.apache.catalina.core.ApplicationFilterChain.doFilter(ApplicationFilterChain.java:142)
	at org.apache.tomcat.websocket.server.WsFilter.doFilter(WsFilter.java:51)
	at org.apache.catalina.core.ApplicationFilterChain.internalDoFilter(ApplicationFilterChain.java:166)
	at org.apache.catalina.core.ApplicationFilterChain.doFilter(ApplicationFilterChain.java:142)
	at org.wso2.carbon.webapp.mgt.filter.AuthorizationHeaderFilter.doFilter(AuthorizationHeaderFilter.java:128)
	at org.apache.catalina.core.ApplicationFilterChain.internalDoFilter(ApplicationFilterChain.java:166)
	at org.apache.catalina.core.ApplicationFilterChain.doFilter(ApplicationFilterChain.java:142)
	at org.wso2.carbon.tomcat.ext.filter.ContentTypeBasedCachePreventionFilter.doFilter(ContentTypeBasedCachePreventionFilter.java:51)
	at org.apache.catalina.core.ApplicationFilterChain.internalDoFilter(ApplicationFilterChain.java:166)
	at org.apache.catalina.core.ApplicationFilterChain.doFilter(ApplicationFilterChain.java:142)
	at org.apache.catalina.filters.HttpHeaderSecurityFilter.doFilter(HttpHeaderSecurityFilter.java:129)
	at org.apache.catalina.core.ApplicationFilterChain.internalDoFilter(ApplicationFilterChain.java:166)
	at org.apache.catalina.core.ApplicationFilterChain.doFilter(ApplicationFilterChain.java:142)
	at org.apache.catalina.core.StandardWrapperValve.invoke(StandardWrapperValve.java:166)
	at org.apache.catalina.core.StandardContextValve.invoke(StandardContextValve.java:88)
	at org.apache.catalina.authenticator.AuthenticatorBase.invoke(AuthenticatorBase.java:491)
	at org.apache.catalina.core.StandardHostValve.invoke(StandardHostValve.java:127)
	at org.wso2.carbon.identity.context.rewrite.valve.TenantContextRewriteValve.invoke(TenantContextRewriteValve.java:235)
	at org.apache.catalina.valves.ErrorReportValve.invoke(ErrorReportValve.java:83)
	at org.wso2.carbon.identity.context.rewrite.valve.OrganizationContextRewriteValve.invoke(OrganizationContextRewriteValve.java:123)
	at org.wso2.carbon.tomcat.ext.valves.SameSiteCookieValve.invoke(SameSiteCookieValve.java:38)
	at org.wso2.carbon.identity.cors.valve.CORSValve.invoke(CORSValve.java:83)
	at org.wso2.carbon.identity.authz.valve.AuthorizationValve.invoke(AuthorizationValve.java:209)
	at org.wso2.carbon.identity.auth.valve.AuthenticationValve.invoke(AuthenticationValve.java:137)
	at org.wso2.carbon.tomcat.ext.valves.CompositeValve.continueInvocation(CompositeValve.java:110)
	at org.wso2.carbon.tomcat.ext.valves.TomcatValveContainer.invokeValves(TomcatValveContainer.java:49)
	at org.wso2.carbon.tomcat.ext.valves.CompositeValve.invoke(CompositeValve.java:71)
	at org.wso2.carbon.tomcat.ext.valves.CarbonStuckThreadDetectionValve.invoke(CarbonStuckThreadDetectionValve.java:150)
	at org.wso2.carbon.extension.identity.x509Certificate.valve.X509CertificateAuthenticationValve.invoke(X509CertificateAuthenticationValve.java:63)
	at org.apache.catalina.valves.AbstractAccessLogValve.invoke(AbstractAccessLogValve.java:764)
	at org.wso2.carbon.identity.core.context.valve.IdentityContextCreatorValve.invoke(IdentityContextCreatorValve.java:55)
	at org.wso2.carbon.tomcat.ext.valves.CarbonContextCreatorValve.invoke(CarbonContextCreatorValve.java:63)
	at org.wso2.carbon.tomcat.ext.valves.RequestEncodingValve.invoke(RequestEncodingValve.java:49)
	at org.wso2.carbon.tomcat.ext.valves.RequestNormalizationValve.invoke(RequestNormalizationValve.java:50)
	at org.wso2.carbon.tomcat.ext.valves.RequestCorrelationIdValve.invoke(RequestCorrelationIdValve.java:137)
	at org.apache.catalina.core.StandardEngineValve.invoke(StandardEngineValve.java:72)
	at org.apache.catalina.connector.CoyoteAdapter.service(CoyoteAdapter.java:344)
	at org.apache.coyote.http11.Http11Processor.service(Http11Processor.java:398)
	at org.apache.coyote.AbstractProcessorLight.process(AbstractProcessorLight.java:63)
	at org.apache.coyote.AbstractProtocol$ConnectionHandler.process(AbstractProtocol.java:1309)
	at org.apache.tomcat.util.net.NioEndpoint$SocketProcessor.doRun(NioEndpoint.java:1854)
	at org.apache.tomcat.util.net.SocketProcessorBase.run(SocketProcessorBase.java:52)
	at org.apache.tomcat.util.threads.ThreadPoolExecutor.runWorker(ThreadPoolExecutor.java:973)
	at org.apache.tomcat.util.threads.ThreadPoolExecutor$Worker.run(ThreadPoolExecutor.java:491)
	at org.apache.tomcat.util.threads.TaskThread$WrappingRunnable.run(TaskThread.java:63)
	at java.base/java.lang.Thread.run(Thread.java:1583)
Caused by: java.io.IOException: HTTPS hostname wrong:  should be <wso2.local>
	at java.base/sun.net.www.protocol.https.HttpsClient.checkURLSpoofing(HttpsClient.java:674)
	at java.base/sun.net.www.protocol.https.HttpsClient.afterConnect(HttpsClient.java:607)
	at java.base/sun.net.www.protocol.https.AbstractDelegateHttpsURLConnection.connect(AbstractDelegateHttpsURLConnection.java:190)
	at java.base/sun.net.www.protocol.http.HttpURLConnection.getInputStream0(HttpURLConnection.java:1705)
	at java.base/sun.net.www.protocol.http.HttpURLConnection.getInputStream(HttpURLConnection.java:1629)
	at java.base/sun.net.www.protocol.https.HttpsURLConnectionImpl.getInputStream(HttpsURLConnectionImpl.java:223)
	at com.nimbusds.jose.util.DefaultResourceRetriever.getInputStream(DefaultResourceRetriever.java:366)
	at com.nimbusds.jose.util.DefaultResourceRetriever.retrieveResource(DefaultResourceRetriever.java:269)
	at com.nimbusds.jose.jwk.source.RemoteJWKSet.updateJWKSetFromURL(RemoteJWKSet.java:304)
	... 79 more

TID: [-1234] [oauth2] [2026-08-13 18:31:53,446] [57c765bc-655c-4747-a2d6-662ef42bd57b] ERROR {org.wso2.carbon.identity.oauth2.validators.jwt.JWKSBasedJWTValidator} - Error occurred while accessing remote JWKS endpoint: https://wso2.local:9443/oauth2/jwkscom.nimbusds.jose.RemoteKeySourceException: Couldn't retrieve remote JWK set: HTTPS hostname wrong:  should be <wso2.local>
	at com.nimbusds.jose.jwk.source.RemoteJWKSet.updateJWKSetFromURL(RemoteJWKSet.java:306)
	at com.nimbusds.jose.jwk.source.RemoteJWKSet.get(RemoteJWKSet.java:436)
	at org.wso2.carbon.identity.oauth2.validators.jwt.JWKSBasedJWTValidator.checkCertificateValidity(JWKSBasedJWTValidator.java:149)
	at org.wso2.carbon.identity.oauth2.validators.jwt.JWKSBasedJWTValidator.validateSignature(JWKSBasedJWTValidator.java:92)
	at org.wso2.carbon.identity.oauth2.grant.token.exchange.utils.TokenExchangeUtils.validateUsingJWKSUri(TokenExchangeUtils.java:1104)
	at org.wso2.carbon.identity.oauth2.grant.token.exchange.utils.TokenExchangeUtils.validateSignature(TokenExchangeUtils.java:376)
	at org.wso2.carbon.identity.oauth2.grant.token.exchange.TokenExchangeGrantHandler.handleJWTSubjectToken(TokenExchangeGrantHandler.java:739)
	at org.wso2.carbon.identity.oauth2.grant.token.exchange.TokenExchangeGrantHandler.validateGrant(TokenExchangeGrantHandler.java:158)
	at org.wso2.carbon.identity.oauth2.token.AccessTokenIssuer.validateGrantAndIssueToken(AccessTokenIssuer.java:455)
	at org.wso2.carbon.identity.oauth2.token.AccessTokenIssuer.issue(AccessTokenIssuer.java:401)
	at org.wso2.carbon.identity.oauth2.OAuth2Service.issueAccessToken(OAuth2Service.java:453)
	at org.wso2.carbon.identity.oauth.endpoint.token.OAuth2TokenEndpoint.issueAccessToken(OAuth2TokenEndpoint.java:409)
	at org.wso2.carbon.identity.oauth.endpoint.token.OAuth2TokenEndpoint.issueAccessToken(OAuth2TokenEndpoint.java:196)
	at org.wso2.carbon.identity.oauth.endpoint.token.OAuth2TokenEndpoint.issueAccessToken(OAuth2TokenEndpoint.java:168)
	at java.base/jdk.internal.reflect.DirectMethodHandleAccessor.invoke(DirectMethodHandleAccessor.java:103)
	at java.base/java.lang.reflect.Method.invoke(Method.java:580)
	at org.apache.cxf.service.invoker.AbstractInvoker.performInvocation(AbstractInvoker.java:179)
	at org.apache.cxf.service.invoker.AbstractInvoker.invoke(AbstractInvoker.java:96)
	at org.apache.cxf.jaxrs.JAXRSInvoker.invoke(JAXRSInvoker.java:201)
	at org.apache.cxf.jaxrs.JAXRSInvoker.invoke(JAXRSInvoker.java:104)
	at org.apache.cxf.interceptor.ServiceInvokerInterceptor$1.run(ServiceInvokerInterceptor.java:59)
	at org.apache.cxf.interceptor.ServiceInvokerInterceptor.handleMessage(ServiceInvokerInterceptor.java:96)
	at org.apache.cxf.phase.PhaseInterceptorChain.doIntercept(PhaseInterceptorChain.java:307)
	at org.apache.cxf.transport.ChainInitiationObserver.onMessage(ChainInitiationObserver.java:121)
	at org.apache.cxf.transport.http.AbstractHTTPDestination.invoke(AbstractHTTPDestination.java:267)
	at org.apache.cxf.transport.servlet.ServletController.invokeDestination(ServletController.java:234)
	at org.apache.cxf.transport.servlet.ServletController.invoke(ServletController.java:208)
	at org.apache.cxf.transport.servlet.ServletController.invoke(ServletController.java:160)
	at org.apache.cxf.transport.servlet.CXFNonSpringServlet.invoke(CXFNonSpringServlet.java:225)
	at org.apache.cxf.transport.servlet.AbstractHTTPServlet.handleRequest(AbstractHTTPServlet.java:304)
	at org.apache.cxf.transport.servlet.AbstractHTTPServlet.doPost(AbstractHTTPServlet.java:217)
	at javax.servlet.http.HttpServlet.service(HttpServlet.java:555)
	at org.apache.cxf.transport.servlet.AbstractHTTPServlet.service(AbstractHTTPServlet.java:279)
	at org.apache.catalina.core.ApplicationFilterChain.internalDoFilter(ApplicationFilterChain.java:197)
	at org.apache.catalina.core.ApplicationFilterChain.doFilter(ApplicationFilterChain.java:142)
	at org.apache.tomcat.websocket.server.WsFilter.doFilter(WsFilter.java:51)
	at org.apache.catalina.core.ApplicationFilterChain.internalDoFilter(ApplicationFilterChain.java:166)
	at org.apache.catalina.core.ApplicationFilterChain.doFilter(ApplicationFilterChain.java:142)
	at org.wso2.carbon.webapp.mgt.filter.AuthorizationHeaderFilter.doFilter(AuthorizationHeaderFilter.java:128)
	at org.apache.catalina.core.ApplicationFilterChain.internalDoFilter(ApplicationFilterChain.java:166)
	at org.apache.catalina.core.ApplicationFilterChain.doFilter(ApplicationFilterChain.java:142)
	at org.wso2.carbon.tomcat.ext.filter.ContentTypeBasedCachePreventionFilter.doFilter(ContentTypeBasedCachePreventionFilter.java:51)
	at org.apache.catalina.core.ApplicationFilterChain.internalDoFilter(ApplicationFilterChain.java:166)
	at org.apache.catalina.core.ApplicationFilterChain.doFilter(ApplicationFilterChain.java:142)
	at org.apache.catalina.filters.HttpHeaderSecurityFilter.doFilter(HttpHeaderSecurityFilter.java:129)
	at org.apache.catalina.core.ApplicationFilterChain.internalDoFilter(ApplicationFilterChain.java:166)
	at org.apache.catalina.core.ApplicationFilterChain.doFilter(ApplicationFilterChain.java:142)
	at org.apache.catalina.core.StandardWrapperValve.invoke(StandardWrapperValve.java:166)
	at org.apache.catalina.core.StandardContextValve.invoke(StandardContextValve.java:88)
	at org.apache.catalina.authenticator.AuthenticatorBase.invoke(AuthenticatorBase.java:491)
	at org.apache.catalina.core.StandardHostValve.invoke(StandardHostValve.java:127)
	at org.wso2.carbon.identity.context.rewrite.valve.TenantContextRewriteValve.invoke(TenantContextRewriteValve.java:235)
	at org.apache.catalina.valves.ErrorReportValve.invoke(ErrorReportValve.java:83)
	at org.wso2.carbon.identity.context.rewrite.valve.OrganizationContextRewriteValve.invoke(OrganizationContextRewriteValve.java:123)
	at org.wso2.carbon.tomcat.ext.valves.SameSiteCookieValve.invoke(SameSiteCookieValve.java:38)
	at org.wso2.carbon.identity.cors.valve.CORSValve.invoke(CORSValve.java:83)
	at org.wso2.carbon.identity.authz.valve.AuthorizationValve.invoke(AuthorizationValve.java:209)
	at org.wso2.carbon.identity.auth.valve.AuthenticationValve.invoke(AuthenticationValve.java:137)
	at org.wso2.carbon.tomcat.ext.valves.CompositeValve.continueInvocation(CompositeValve.java:110)
	at org.wso2.carbon.tomcat.ext.valves.TomcatValveContainer.invokeValves(TomcatValveContainer.java:49)
	at org.wso2.carbon.tomcat.ext.valves.CompositeValve.invoke(CompositeValve.java:71)
	at org.wso2.carbon.tomcat.ext.valves.CarbonStuckThreadDetectionValve.invoke(CarbonStuckThreadDetectionValve.java:150)
	at org.wso2.carbon.extension.identity.x509Certificate.valve.X509CertificateAuthenticationValve.invoke(X509CertificateAuthenticationValve.java:63)
	at org.apache.catalina.valves.AbstractAccessLogValve.invoke(AbstractAccessLogValve.java:764)
	at org.wso2.carbon.identity.core.context.valve.IdentityContextCreatorValve.invoke(IdentityContextCreatorValve.java:55)
	at org.wso2.carbon.tomcat.ext.valves.CarbonContextCreatorValve.invoke(CarbonContextCreatorValve.java:63)
	at org.wso2.carbon.tomcat.ext.valves.RequestEncodingValve.invoke(RequestEncodingValve.java:49)
	at org.wso2.carbon.tomcat.ext.valves.RequestNormalizationValve.invoke(RequestNormalizationValve.java:50)
	at org.wso2.carbon.tomcat.ext.valves.RequestCorrelationIdValve.invoke(RequestCorrelationIdValve.java:137)
	at org.apache.catalina.core.StandardEngineValve.invoke(StandardEngineValve.java:72)
	at org.apache.catalina.connector.CoyoteAdapter.service(CoyoteAdapter.java:344)
	at org.apache.coyote.http11.Http11Processor.service(Http11Processor.java:398)
	at org.apache.coyote.AbstractProcessorLight.process(AbstractProcessorLight.java:63)
	at org.apache.coyote.AbstractProtocol$ConnectionHandler.process(AbstractProtocol.java:1309)
	at org.apache.tomcat.util.net.NioEndpoint$SocketProcessor.doRun(NioEndpoint.java:1854)
	at org.apache.tomcat.util.net.SocketProcessorBase.run(SocketProcessorBase.java:52)
	at org.apache.tomcat.util.threads.ThreadPoolExecutor.runWorker(ThreadPoolExecutor.java:973)
	at org.apache.tomcat.util.threads.ThreadPoolExecutor$Worker.run(ThreadPoolExecutor.java:491)
	at org.apache.tomcat.util.threads.TaskThread$WrappingRunnable.run(TaskThread.java:63)
	at java.base/java.lang.Thread.run(Thread.java:1583)
Caused by: java.io.IOException: HTTPS hostname wrong:  should be <wso2.local>
	at java.base/sun.net.www.protocol.https.HttpsClient.checkURLSpoofing(HttpsClient.java:674)
	at java.base/sun.net.www.protocol.https.HttpsClient.afterConnect(HttpsClient.java:607)
	at java.base/sun.net.www.protocol.https.AbstractDelegateHttpsURLConnection.connect(AbstractDelegateHttpsURLConnection.java:190)
	at java.base/sun.net.www.protocol.http.HttpURLConnection.getInputStream0(HttpURLConnection.java:1705)
	at java.base/sun.net.www.protocol.http.HttpURLConnection.getInputStream(HttpURLConnection.java:1629)
	at java.base/sun.net.www.protocol.https.HttpsURLConnectionImpl.getInputStream(HttpsURLConnectionImpl.java:223)
	at com.nimbusds.jose.util.DefaultResourceRetriever.getInputStream(DefaultResourceRetriever.java:366)
	at com.nimbusds.jose.util.DefaultResourceRetriever.retrieveResource(DefaultResourceRetriever.java:269)
	at com.nimbusds.jose.jwk.source.RemoteJWKSet.updateJWKSetFromURL(RemoteJWKSet.java:304)
	... 79 more

TID: [-1234] [oauth2] [2026-08-13 18:32:35,266] [4524c1b9-1485-4a13-a932-aba727fcbaf4] ERROR {org.wso2.carbon.identity.oauth2.validators.jwt.JWKSBasedJWTValidator} - Error occurred while accessing remote JWKS endpoint: https://wso2.local:9443/oauth2/jwkscom.nimbusds.jose.RemoteKeySourceException: Couldn't retrieve remote JWK set: HTTPS hostname wrong:  should be <wso2.local>
	at com.nimbusds.jose.jwk.source.RemoteJWKSet.updateJWKSetFromURL(RemoteJWKSet.java:306)
	at com.nimbusds.jose.jwk.source.RemoteJWKSet.get(RemoteJWKSet.java:436)
	at org.wso2.carbon.identity.oauth2.validators.jwt.JWKSBasedJWTValidator.checkCertificateValidity(JWKSBasedJWTValidator.java:149)
	at org.wso2.carbon.identity.oauth2.validators.jwt.JWKSBasedJWTValidator.validateSignature(JWKSBasedJWTValidator.java:92)
	at org.wso2.carbon.identity.oauth2.grant.token.exchange.utils.TokenExchangeUtils.validateUsingJWKSUri(TokenExchangeUtils.java:1104)
	at org.wso2.carbon.identity.oauth2.grant.token.exchange.utils.TokenExchangeUtils.validateSignature(TokenExchangeUtils.java:376)
	at org.wso2.carbon.identity.oauth2.grant.token.exchange.TokenExchangeGrantHandler.handleJWTSubjectToken(TokenExchangeGrantHandler.java:739)
	at org.wso2.carbon.identity.oauth2.grant.token.exchange.TokenExchangeGrantHandler.validateGrant(TokenExchangeGrantHandler.java:158)
	at org.wso2.carbon.identity.oauth2.token.AccessTokenIssuer.validateGrantAndIssueToken(AccessTokenIssuer.java:455)
	at org.wso2.carbon.identity.oauth2.token.AccessTokenIssuer.issue(AccessTokenIssuer.java:401)
	at org.wso2.carbon.identity.oauth2.OAuth2Service.issueAccessToken(OAuth2Service.java:453)
	at org.wso2.carbon.identity.oauth.endpoint.token.OAuth2TokenEndpoint.issueAccessToken(OAuth2TokenEndpoint.java:409)
	at org.wso2.carbon.identity.oauth.endpoint.token.OAuth2TokenEndpoint.issueAccessToken(OAuth2TokenEndpoint.java:196)
	at org.wso2.carbon.identity.oauth.endpoint.token.OAuth2TokenEndpoint.issueAccessToken(OAuth2TokenEndpoint.java:168)
	at java.base/jdk.internal.reflect.DirectMethodHandleAccessor.invoke(DirectMethodHandleAccessor.java:103)
	at java.base/java.lang.reflect.Method.invoke(Method.java:580)
	at org.apache.cxf.service.invoker.AbstractInvoker.performInvocation(AbstractInvoker.java:179)
	at org.apache.cxf.service.invoker.AbstractInvoker.invoke(AbstractInvoker.java:96)
	at org.apache.cxf.jaxrs.JAXRSInvoker.invoke(JAXRSInvoker.java:201)
	at org.apache.cxf.jaxrs.JAXRSInvoker.invoke(JAXRSInvoker.java:104)
	at org.apache.cxf.interceptor.ServiceInvokerInterceptor$1.run(ServiceInvokerInterceptor.java:59)
	at org.apache.cxf.interceptor.ServiceInvokerInterceptor.handleMessage(ServiceInvokerInterceptor.java:96)
	at org.apache.cxf.phase.PhaseInterceptorChain.doIntercept(PhaseInterceptorChain.java:307)
	at org.apache.cxf.transport.ChainInitiationObserver.onMessage(ChainInitiationObserver.java:121)
	at org.apache.cxf.transport.http.AbstractHTTPDestination.invoke(AbstractHTTPDestination.java:267)
	at org.apache.cxf.transport.servlet.ServletController.invokeDestination(ServletController.java:234)
	at org.apache.cxf.transport.servlet.ServletController.invoke(ServletController.java:208)
	at org.apache.cxf.transport.servlet.ServletController.invoke(ServletController.java:160)
	at org.apache.cxf.transport.servlet.CXFNonSpringServlet.invoke(CXFNonSpringServlet.java:225)
	at org.apache.cxf.transport.servlet.AbstractHTTPServlet.handleRequest(AbstractHTTPServlet.java:304)
	at org.apache.cxf.transport.servlet.AbstractHTTPServlet.doPost(AbstractHTTPServlet.java:217)
	at javax.servlet.http.HttpServlet.service(HttpServlet.java:555)
	at org.apache.cxf.transport.servlet.AbstractHTTPServlet.service(AbstractHTTPServlet.java:279)
	at org.apache.catalina.core.ApplicationFilterChain.internalDoFilter(ApplicationFilterChain.java:197)
	at org.apache.catalina.core.ApplicationFilterChain.doFilter(ApplicationFilterChain.java:142)
	at org.apache.tomcat.websocket.server.WsFilter.doFilter(WsFilter.java:51)
	at org.apache.catalina.core.ApplicationFilterChain.internalDoFilter(ApplicationFilterChain.java:166)
	at org.apache.catalina.core.ApplicationFilterChain.doFilter(ApplicationFilterChain.java:142)
	at org.wso2.carbon.webapp.mgt.filter.AuthorizationHeaderFilter.doFilter(AuthorizationHeaderFilter.java:128)
	at org.apache.catalina.core.ApplicationFilterChain.internalDoFilter(ApplicationFilterChain.java:166)
	at org.apache.catalina.core.ApplicationFilterChain.doFilter(ApplicationFilterChain.java:142)
	at org.wso2.carbon.tomcat.ext.filter.ContentTypeBasedCachePreventionFilter.doFilter(ContentTypeBasedCachePreventionFilter.java:51)
	at org.apache.catalina.core.ApplicationFilterChain.internalDoFilter(ApplicationFilterChain.java:166)
	at org.apache.catalina.core.ApplicationFilterChain.doFilter(ApplicationFilterChain.java:142)
	at org.apache.catalina.filters.HttpHeaderSecurityFilter.doFilter(HttpHeaderSecurityFilter.java:129)
	at org.apache.catalina.core.ApplicationFilterChain.internalDoFilter(ApplicationFilterChain.java:166)
	at org.apache.catalina.core.ApplicationFilterChain.doFilter(ApplicationFilterChain.java:142)
	at org.apache.catalina.core.StandardWrapperValve.invoke(StandardWrapperValve.java:166)
	at org.apache.catalina.core.StandardContextValve.invoke(StandardContextValve.java:88)
	at org.apache.catalina.authenticator.AuthenticatorBase.invoke(AuthenticatorBase.java:491)
	at org.apache.catalina.core.StandardHostValve.invoke(StandardHostValve.java:127)
	at org.wso2.carbon.identity.context.rewrite.valve.TenantContextRewriteValve.invoke(TenantContextRewriteValve.java:235)
	at org.apache.catalina.valves.ErrorReportValve.invoke(ErrorReportValve.java:83)
	at org.wso2.carbon.identity.context.rewrite.valve.OrganizationContextRewriteValve.invoke(OrganizationContextRewriteValve.java:123)
	at org.wso2.carbon.tomcat.ext.valves.SameSiteCookieValve.invoke(SameSiteCookieValve.java:38)
	at org.wso2.carbon.identity.cors.valve.CORSValve.invoke(CORSValve.java:83)
	at org.wso2.carbon.identity.authz.valve.AuthorizationValve.invoke(AuthorizationValve.java:209)
	at org.wso2.carbon.identity.auth.valve.AuthenticationValve.invoke(AuthenticationValve.java:137)
	at org.wso2.carbon.tomcat.ext.valves.CompositeValve.continueInvocation(CompositeValve.java:110)
	at org.wso2.carbon.tomcat.ext.valves.TomcatValveContainer.invokeValves(TomcatValveContainer.java:49)
	at org.wso2.carbon.tomcat.ext.valves.CompositeValve.invoke(CompositeValve.java:71)
	at org.wso2.carbon.tomcat.ext.valves.CarbonStuckThreadDetectionValve.invoke(CarbonStuckThreadDetectionValve.java:150)
	at org.wso2.carbon.extension.identity.x509Certificate.valve.X509CertificateAuthenticationValve.invoke(X509CertificateAuthenticationValve.java:63)
	at org.apache.catalina.valves.AbstractAccessLogValve.invoke(AbstractAccessLogValve.java:764)
	at org.wso2.carbon.identity.core.context.valve.IdentityContextCreatorValve.invoke(IdentityContextCreatorValve.java:55)
	at org.wso2.carbon.tomcat.ext.valves.CarbonContextCreatorValve.invoke(CarbonContextCreatorValve.java:63)
	at org.wso2.carbon.tomcat.ext.valves.RequestEncodingValve.invoke(RequestEncodingValve.java:49)
	at org.wso2.carbon.tomcat.ext.valves.RequestNormalizationValve.invoke(RequestNormalizationValve.java:50)
	at org.wso2.carbon.tomcat.ext.valves.RequestCorrelationIdValve.invoke(RequestCorrelationIdValve.java:137)
	at org.apache.catalina.core.StandardEngineValve.invoke(StandardEngineValve.java:72)
	at org.apache.catalina.connector.CoyoteAdapter.service(CoyoteAdapter.java:344)
	at org.apache.coyote.http11.Http11Processor.service(Http11Processor.java:398)
	at org.apache.coyote.AbstractProcessorLight.process(AbstractProcessorLight.java:63)
	at org.apache.coyote.AbstractProtocol$ConnectionHandler.process(AbstractProtocol.java:1309)
	at org.apache.tomcat.util.net.NioEndpoint$SocketProcessor.doRun(NioEndpoint.java:1854)
	at org.apache.tomcat.util.net.SocketProcessorBase.run(SocketProcessorBase.java:52)
	at org.apache.tomcat.util.threads.ThreadPoolExecutor.runWorker(ThreadPoolExecutor.java:973)
	at org.apache.tomcat.util.threads.ThreadPoolExecutor$Worker.run(ThreadPoolExecutor.java:491)
	at org.apache.tomcat.util.threads.TaskThread$WrappingRunnable.run(TaskThread.java:63)
	at java.base/java.lang.Thread.run(Thread.java:1583)
Caused by: java.io.IOException: HTTPS hostname wrong:  should be <wso2.local>
	at java.base/sun.net.www.protocol.https.HttpsClient.checkURLSpoofing(HttpsClient.java:674)
	at java.base/sun.net.www.protocol.https.HttpsClient.afterConnect(HttpsClient.java:607)
	at java.base/sun.net.www.protocol.https.AbstractDelegateHttpsURLConnection.connect(AbstractDelegateHttpsURLConnection.java:190)
	at java.base/sun.net.www.protocol.http.HttpURLConnection.getInputStream0(HttpURLConnection.java:1705)
	at java.base/sun.net.www.protocol.http.HttpURLConnection.getInputStream(HttpURLConnection.java:1629)
	at java.base/sun.net.www.protocol.https.HttpsURLConnectionImpl.getInputStream(HttpsURLConnectionImpl.java:223)
	at com.nimbusds.jose.util.DefaultResourceRetriever.getInputStream(DefaultResourceRetriever.java:366)
	at com.nimbusds.jose.util.DefaultResourceRetriever.retrieveResource(DefaultResourceRetriever.java:269)
	at com.nimbusds.jose.jwk.source.RemoteJWKSet.updateJWKSetFromURL(RemoteJWKSet.java:304)
	... 79 more

TID: [-1234] [oauth2] [2026-08-13 18:33:10,272] [4c8e450a-0f9a-4862-82f2-27b1dca7877e] ERROR {org.wso2.carbon.identity.oauth2.validators.jwt.JWKSBasedJWTValidator} - Error occurred while accessing remote JWKS endpoint: https://wso2.local:9443/oauth2/jwkscom.nimbusds.jose.RemoteKeySourceException: Couldn't retrieve remote JWK set: HTTPS hostname wrong:  should be <wso2.local>
	at com.nimbusds.jose.jwk.source.RemoteJWKSet.updateJWKSetFromURL(RemoteJWKSet.java:306)
	at com.nimbusds.jose.jwk.source.RemoteJWKSet.get(RemoteJWKSet.java:436)
	at org.wso2.carbon.identity.oauth2.validators.jwt.JWKSBasedJWTValidator.checkCertificateValidity(JWKSBasedJWTValidator.java:149)
	at org.wso2.carbon.identity.oauth2.validators.jwt.JWKSBasedJWTValidator.validateSignature(JWKSBasedJWTValidator.java:92)
	at org.wso2.carbon.identity.oauth2.grant.token.exchange.utils.TokenExchangeUtils.validateUsingJWKSUri(TokenExchangeUtils.java:1104)
	at org.wso2.carbon.identity.oauth2.grant.token.exchange.utils.TokenExchangeUtils.validateSignature(TokenExchangeUtils.java:376)
	at org.wso2.carbon.identity.oauth2.grant.token.exchange.TokenExchangeGrantHandler.handleJWTSubjectToken(TokenExchangeGrantHandler.java:739)
	at org.wso2.carbon.identity.oauth2.grant.token.exchange.TokenExchangeGrantHandler.validateGrant(TokenExchangeGrantHandler.java:158)
	at org.wso2.carbon.identity.oauth2.token.AccessTokenIssuer.validateGrantAndIssueToken(AccessTokenIssuer.java:455)
	at org.wso2.carbon.identity.oauth2.token.AccessTokenIssuer.issue(AccessTokenIssuer.java:401)
	at org.wso2.carbon.identity.oauth2.OAuth2Service.issueAccessToken(OAuth2Service.java:453)
	at org.wso2.carbon.identity.oauth.endpoint.token.OAuth2TokenEndpoint.issueAccessToken(OAuth2TokenEndpoint.java:409)
	at org.wso2.carbon.identity.oauth.endpoint.token.OAuth2TokenEndpoint.issueAccessToken(OAuth2TokenEndpoint.java:196)
	at org.wso2.carbon.identity.oauth.endpoint.token.OAuth2TokenEndpoint.issueAccessToken(OAuth2TokenEndpoint.java:168)
	at java.base/jdk.internal.reflect.DirectMethodHandleAccessor.invoke(DirectMethodHandleAccessor.java:103)
	at java.base/java.lang.reflect.Method.invoke(Method.java:580)
	at org.apache.cxf.service.invoker.AbstractInvoker.performInvocation(AbstractInvoker.java:179)
	at org.apache.cxf.service.invoker.AbstractInvoker.invoke(AbstractInvoker.java:96)
	at org.apache.cxf.jaxrs.JAXRSInvoker.invoke(JAXRSInvoker.java:201)
	at org.apache.cxf.jaxrs.JAXRSInvoker.invoke(JAXRSInvoker.java:104)
	at org.apache.cxf.interceptor.ServiceInvokerInterceptor$1.run(ServiceInvokerInterceptor.java:59)
	at org.apache.cxf.interceptor.ServiceInvokerInterceptor.handleMessage(ServiceInvokerInterceptor.java:96)
	at org.apache.cxf.phase.PhaseInterceptorChain.doIntercept(PhaseInterceptorChain.java:307)
	at org.apache.cxf.transport.ChainInitiationObserver.onMessage(ChainInitiationObserver.java:121)
	at org.apache.cxf.transport.http.AbstractHTTPDestination.invoke(AbstractHTTPDestination.java:267)
	at org.apache.cxf.transport.servlet.ServletController.invokeDestination(ServletController.java:234)
	at org.apache.cxf.transport.servlet.ServletController.invoke(ServletController.java:208)
	at org.apache.cxf.transport.servlet.ServletController.invoke(ServletController.java:160)
	at org.apache.cxf.transport.servlet.CXFNonSpringServlet.invoke(CXFNonSpringServlet.java:225)
	at org.apache.cxf.transport.servlet.AbstractHTTPServlet.handleRequest(AbstractHTTPServlet.java:304)
	at org.apache.cxf.transport.servlet.AbstractHTTPServlet.doPost(AbstractHTTPServlet.java:217)
	at javax.servlet.http.HttpServlet.service(HttpServlet.java:555)
	at org.apache.cxf.transport.servlet.AbstractHTTPServlet.service(AbstractHTTPServlet.java:279)
	at org.apache.catalina.core.ApplicationFilterChain.internalDoFilter(ApplicationFilterChain.java:197)
	at org.apache.catalina.core.ApplicationFilterChain.doFilter(ApplicationFilterChain.java:142)
	at org.apache.tomcat.websocket.server.WsFilter.doFilter(WsFilter.java:51)
	at org.apache.catalina.core.ApplicationFilterChain.internalDoFilter(ApplicationFilterChain.java:166)
	at org.apache.catalina.core.ApplicationFilterChain.doFilter(ApplicationFilterChain.java:142)
	at org.wso2.carbon.webapp.mgt.filter.AuthorizationHeaderFilter.doFilter(AuthorizationHeaderFilter.java:128)
	at org.apache.catalina.core.ApplicationFilterChain.internalDoFilter(ApplicationFilterChain.java:166)
	at org.apache.catalina.core.ApplicationFilterChain.doFilter(ApplicationFilterChain.java:142)
	at org.wso2.carbon.tomcat.ext.filter.ContentTypeBasedCachePreventionFilter.doFilter(ContentTypeBasedCachePreventionFilter.java:51)
	at org.apache.catalina.core.ApplicationFilterChain.internalDoFilter(ApplicationFilterChain.java:166)
	at org.apache.catalina.core.ApplicationFilterChain.doFilter(ApplicationFilterChain.java:142)
	at org.apache.catalina.filters.HttpHeaderSecurityFilter.doFilter(HttpHeaderSecurityFilter.java:129)
	at org.apache.catalina.core.ApplicationFilterChain.internalDoFilter(ApplicationFilterChain.java:166)
	at org.apache.catalina.core.ApplicationFilterChain.doFilter(ApplicationFilterChain.java:142)
	at org.apache.catalina.core.StandardWrapperValve.invoke(StandardWrapperValve.java:166)
	at org.apache.catalina.core.StandardContextValve.invoke(StandardContextValve.java:88)
	at org.apache.catalina.authenticator.AuthenticatorBase.invoke(AuthenticatorBase.java:491)
	at org.apache.catalina.core.StandardHostValve.invoke(StandardHostValve.java:127)
	at org.wso2.carbon.identity.context.rewrite.valve.TenantContextRewriteValve.invoke(TenantContextRewriteValve.java:235)
	at org.apache.catalina.valves.ErrorReportValve.invoke(ErrorReportValve.java:83)
	at org.wso2.carbon.identity.context.rewrite.valve.OrganizationContextRewriteValve.invoke(OrganizationContextRewriteValve.java:123)
	at org.wso2.carbon.tomcat.ext.valves.SameSiteCookieValve.invoke(SameSiteCookieValve.java:38)
	at org.wso2.carbon.identity.cors.valve.CORSValve.invoke(CORSValve.java:83)
	at org.wso2.carbon.identity.authz.valve.AuthorizationValve.invoke(AuthorizationValve.java:209)
	at org.wso2.carbon.identity.auth.valve.AuthenticationValve.invoke(AuthenticationValve.java:137)
	at org.wso2.carbon.tomcat.ext.valves.CompositeValve.continueInvocation(CompositeValve.java:110)
	at org.wso2.carbon.tomcat.ext.valves.TomcatValveContainer.invokeValves(TomcatValveContainer.java:49)
	at org.wso2.carbon.tomcat.ext.valves.CompositeValve.invoke(CompositeValve.java:71)
	at org.wso2.carbon.tomcat.ext.valves.CarbonStuckThreadDetectionValve.invoke(CarbonStuckThreadDetectionValve.java:150)
	at org.wso2.carbon.extension.identity.x509Certificate.valve.X509CertificateAuthenticationValve.invoke(X509CertificateAuthenticationValve.java:63)
	at org.apache.catalina.valves.AbstractAccessLogValve.invoke(AbstractAccessLogValve.java:764)
	at org.wso2.carbon.identity.core.context.valve.IdentityContextCreatorValve.invoke(IdentityContextCreatorValve.java:55)
	at org.wso2.carbon.tomcat.ext.valves.CarbonContextCreatorValve.invoke(CarbonContextCreatorValve.java:63)
	at org.wso2.carbon.tomcat.ext.valves.RequestEncodingValve.invoke(RequestEncodingValve.java:49)
	at org.wso2.carbon.tomcat.ext.valves.RequestNormalizationValve.invoke(RequestNormalizationValve.java:50)
	at org.wso2.carbon.tomcat.ext.valves.RequestCorrelationIdValve.invoke(RequestCorrelationIdValve.java:137)
	at org.apache.catalina.core.StandardEngineValve.invoke(StandardEngineValve.java:72)
	at org.apache.catalina.connector.CoyoteAdapter.service(CoyoteAdapter.java:344)
	at org.apache.coyote.http11.Http11Processor.service(Http11Processor.java:398)
	at org.apache.coyote.AbstractProcessorLight.process(AbstractProcessorLight.java:63)
	at org.apache.coyote.AbstractProtocol$ConnectionHandler.process(AbstractProtocol.java:1309)
	at org.apache.tomcat.util.net.NioEndpoint$SocketProcessor.doRun(NioEndpoint.java:1854)
	at org.apache.tomcat.util.net.SocketProcessorBase.run(SocketProcessorBase.java:52)
	at org.apache.tomcat.util.threads.ThreadPoolExecutor.runWorker(ThreadPoolExecutor.java:973)
	at org.apache.tomcat.util.threads.ThreadPoolExecutor$Worker.run(ThreadPoolExecutor.java:491)
	at org.apache.tomcat.util.threads.TaskThread$WrappingRunnable.run(TaskThread.java:63)
	at java.base/java.lang.Thread.run(Thread.java:1583)
Caused by: java.io.IOException: HTTPS hostname wrong:  should be <wso2.local>
	at java.base/sun.net.www.protocol.https.HttpsClient.checkURLSpoofing(HttpsClient.java:674)
	at java.base/sun.net.www.protocol.https.HttpsClient.afterConnect(HttpsClient.java:607)
	at java.base/sun.net.www.protocol.https.AbstractDelegateHttpsURLConnection.connect(AbstractDelegateHttpsURLConnection.java:190)
	at java.base/sun.net.www.protocol.http.HttpURLConnection.getInputStream0(HttpURLConnection.java:1705)
	at java.base/sun.net.www.protocol.http.HttpURLConnection.getInputStream(HttpURLConnection.java:1629)
	at java.base/sun.net.www.protocol.https.HttpsURLConnectionImpl.getInputStream(HttpsURLConnectionImpl.java:223)
	at com.nimbusds.jose.util.DefaultResourceRetriever.getInputStream(DefaultResourceRetriever.java:366)
	at com.nimbusds.jose.util.DefaultResourceRetriever.retrieveResource(DefaultResourceRetriever.java:269)
	at com.nimbusds.jose.jwk.source.RemoteJWKSet.updateJWKSetFromURL(RemoteJWKSet.java:304)
	... 79 more

TID: [] [] [2026-08-13 18:36:54,944] []  INFO {org.wso2.carbon.core.init.CarbonServerManager} - Shutdown hook triggered....
TID: [] [] [2026-08-13 18:36:54,950] []  INFO {org.wso2.carbon.core.init.CarbonServerManager} - Gracefully shutting down WSO2 Identity Server...
TID: [] [] [2026-08-13 18:36:54,953] []  INFO {org.wso2.carbon.core.ServerManagement} - Starting to switch to maintenance mode...
TID: [] [] [2026-08-13 18:36:54,956] []  INFO {org.wso2.carbon.core.ServerManagement} - Stopped all transport listeners
TID: [] [] [2026-08-13 18:36:54,957] []  INFO {org.wso2.carbon.core.ServerManagement} - Waiting for request service completion...
TID: [] [] [2026-08-13 18:36:54,967] []  INFO {org.wso2.carbon.core.ServerManagement} - All requests have been served.
TID: [] [] [2026-08-13 18:36:54,968] []  INFO {org.wso2.carbon.core.ServerManagement} - Waiting for deployment completion...
TID: [] [] [2026-08-13 18:36:55,030] []  INFO {org.wso2.carbon.webapp.mgt.WebApplication} - Unloaded webapp: StandardEngine[Catalina].StandardHost[localhost].StandardContext[/mexut]
TID: [] [] [2026-08-13 18:36:55,040] []  INFO {org.wso2.carbon.webapp.mgt.WebApplication} - Unloaded webapp: StandardEngine[Catalina].StandardHost[localhost].StandardContext[/oauth2]
TID: [] [] [2026-08-13 18:36:55,050] []  INFO {org.wso2.carbon.webapp.mgt.WebApplication} - Unloaded webapp: StandardEngine[Catalina].StandardHost[localhost].StandardContext[/api/health-check/v1.0]
TID: [] [] [2026-08-13 18:36:55,069] []  INFO {org.wso2.carbon.webapp.mgt.WebApplication} - Unloaded webapp: StandardEngine[Catalina].StandardHost[localhost].StandardContext[/authenticationendpoint]
TID: [] [] [2026-08-13 18:36:55,077] []  INFO {org.wso2.carbon.webapp.mgt.WebApplication} - Unloaded webapp: StandardEngine[Catalina].StandardHost[localhost].StandardContext[/console]
TID: [] [] [2026-08-13 18:36:55,084] []  INFO {org.wso2.carbon.webapp.mgt.WebApplication} - Unloaded webapp: StandardEngine[Catalina].StandardHost[localhost].StandardContext[/oid4vci]
TID: [] [] [2026-08-13 18:36:55,093] []  INFO {org.wso2.carbon.webapp.mgt.WebApplication} - Unloaded webapp: StandardEngine[Catalina].StandardHost[localhost].StandardContext[/accountrecoveryendpoint]
TID: [] [] [2026-08-13 18:36:55,100] []  INFO {org.wso2.carbon.webapp.mgt.WebApplication} - Unloaded webapp: StandardEngine[Catalina].StandardHost[localhost].StandardContext[/mex]
TID: [] [] [2026-08-13 18:36:55,108] []  INFO {org.wso2.carbon.webapp.mgt.WebApplication} - Unloaded webapp: StandardEngine[Catalina].StandardHost[localhost].StandardContext[/scim2]
TID: [] [] [2026-08-13 18:36:55,114] []  INFO {org.wso2.carbon.webapp.mgt.WebApplication} - Unloaded webapp: StandardEngine[Catalina].StandardHost[localhost].StandardContext[/x509certificateauthenticationendpoint]
TID: [] [] [2026-08-13 18:36:55,128] []  INFO {org.wso2.carbon.webapp.mgt.WebApplication} - Unloaded webapp: StandardEngine[Catalina].StandardHost[localhost].StandardContext[/api]
TID: [] [] [2026-08-13 18:36:55,132] []  INFO {org.wso2.carbon.webapp.mgt.WebApplication} - Unloaded webapp: StandardEngine[Catalina].StandardHost[localhost].StandardContext[/wso2]
TID: [] [] [2026-08-13 18:36:55,135] []  INFO {org.wso2.carbon.webapp.mgt.WebApplication} - Unloaded webapp: StandardEngine[Catalina].StandardHost[localhost].StandardContext[/myaccount]
TID: [] [] [2026-08-13 18:36:55,138] []  INFO {org.wso2.carbon.webapp.mgt.WebApplication} - Unloaded webapp: StandardEngine[Catalina].StandardHost[localhost].StandardContext[/accounts]
TID: [] [] [2026-08-13 18:36:55,138] []  INFO {org.wso2.carbon.core.ServerManagement} - All deployment tasks have been completed.
TID: [] [] [2026-08-13 18:36:55,138] []  INFO {org.wso2.carbon.core.ServerManagement} - Waiting for server task completion...
TID: [] [] [2026-08-13 18:36:55,139] []  INFO {org.wso2.carbon.core.ServerManagement} - All server tasks have been completed.
TID: [] [] [2026-08-13 18:36:55,140] []  INFO {org.wso2.carbon.core.init.CarbonServerManager} - Shutting down WSO2 Identity Server...
TID: [] [] [2026-08-13 18:36:55,140] []  INFO {org.wso2.carbon.core.init.CarbonServerManager} - Shutting down OSGi framework...
TID: [] [] [2026-08-13 18:36:55,189] []  INFO {org.wso2.carbon.core.init.CarbonServerManager} - Stopping CarbonServerManager...
TID: [] [] [2026-08-13 18:36:55,333] []  INFO {org.wso2.carbon.tomcat.ext.internal.CarbonTomcatServiceComponent} - Stopping the carbon web-app registered under : /
TID: [-1234] [] [2026-08-13 18:36:56,327]  INFO {org.wso2.carbon.core.init.CarbonServerManager} - Shutdown complete 
TID: [-1234] [] [2026-08-13 18:36:56,328]  INFO {org.wso2.carbon.core.init.CarbonServerManager} - Halting JVM 
TID: [] [] [2026-08-13 18:37:04,526] []  INFO {org.ops4j.pax.logging.spi.support.EventAdminConfigurationNotifier} - Sending Event Admin notification (configuration successful) to org/ops4j/pax/logging/Configuration
TID: [] [] [2026-08-13 18:37:04,737] []  INFO {org.wso2.carbon.core.internal.CarbonCoreActivator} - Starting WSO2 Carbon...
TID: [] [] [2026-08-13 18:37:04,737] []  INFO {org.wso2.carbon.core.internal.CarbonCoreActivator} - Operating System : Linux 7.0.0-29-generic, amd64
TID: [] [] [2026-08-13 18:37:04,738] []  INFO {org.wso2.carbon.core.internal.CarbonCoreActivator} - Java Home        : /home/seyi-a/.jdks/jdk-21.0.12+8
TID: [] [] [2026-08-13 18:37:04,738] []  INFO {org.wso2.carbon.core.internal.CarbonCoreActivator} - Java Version     : 21.0.12
TID: [] [] [2026-08-13 18:37:04,738] []  INFO {org.wso2.carbon.core.internal.CarbonCoreActivator} - Java VM          : OpenJDK 64-Bit Server VM 21.0.12+8-LTS,Eclipse Adoptium
TID: [] [] [2026-08-13 18:37:04,738] []  INFO {org.wso2.carbon.core.internal.CarbonCoreActivator} - Carbon Home      : /home/seyi-a/DevFactory/wso2/wso2is-7.3.0
TID: [] [] [2026-08-13 18:37:04,738] []  INFO {org.wso2.carbon.core.internal.CarbonCoreActivator} - Java Temp Dir    : /home/seyi-a/DevFactory/wso2/wso2is-7.3.0/tmp
TID: [] [] [2026-08-13 18:37:04,739] []  INFO {org.wso2.carbon.core.internal.CarbonCoreActivator} - User             : seyi-a, en-US, Africa/Lagos
TID: [] [] [2026-08-13 18:37:07,366] []  WARN {org.apache.tomcat.util.net.SSLHostConfig} - The TLS 1.3 cipher suite [TLS_AES_128_GCM_SHA256] included in the TLS 1.2 and below ciphers list will be removed from the TLS 1.2 ciphers list and added to the end of the TLS 1.3 cipher suite list
TID: [] [] [2026-08-13 18:37:07,369] []  WARN {org.apache.tomcat.util.net.SSLHostConfig} - The TLS 1.3 cipher suite [TLS_AES_256_GCM_SHA384] included in the TLS 1.2 and below ciphers list will be removed from the TLS 1.2 ciphers list and added to the end of the TLS 1.3 cipher suite list
TID: [] [] [2026-08-13 18:37:07,370] []  WARN {org.apache.tomcat.util.net.SSLHostConfig} - The TLS 1.3 cipher suite [TLS_CHACHA20_POLY1305_SHA256] included in the TLS 1.2 and below ciphers list will be removed from the TLS 1.2 ciphers list and added to the end of the TLS 1.3 cipher suite list
TID: [] [] [2026-08-13 18:37:08,240] []  INFO {org.apache.jasper.servlet.TldScanner} - At least one JAR was scanned for TLDs yet contained no TLDs. Enable debug logging for this logger for a complete list of JARs that were scanned but no TLDs were found in them. Skipping unneeded JARs during scanning can improve startup time and JSP compilation time.
TID: [] [] [2026-08-13 18:37:10,242] []  INFO {org.wso2.carbon.core.init.CarbonServerManager} - Repository       : /home/seyi-a/DevFactory/wso2/wso2is-7.3.0/repository/deployment/server/
TID: [] [] [2026-08-13 18:37:10,274] []  INFO {org.wso2.carbon.core.multitenancy.eager.TenantLoadingConfig} - Using tenant lazy loading policy...
TID: [] [] [2026-08-13 18:37:10,286] []  INFO {org.wso2.carbon.core.internal.permission.update.PermissionUpdater} - Permission cache updated for tenant -1234
TID: [] [] [2026-08-13 18:37:13,242] []  WARN {org.wso2.carbon.identity.auth.service.internal.AuthenticationServiceComponent} - 

##################################  ALERT  ##################################
[WARNING]: Internal authentication is utilizing default credentials,
which may expose the environment to potential security risks.
If this is a production environment, change the credentials immediately.
#############################################################################

TID: [] [] [2026-08-13 18:37:16,673] []  INFO {org.wso2.carbon.identity.application.authentication.framework.store.SessionDataStore} - Thread pool size for temporary authentication context data delete task: 20
TID: [] [] [2026-08-13 18:37:16,909] []  INFO {org.opensaml.core.config.InitializationService} - Initializing OpenSAML using the Java Services API
TID: [] [] [2026-08-13 18:37:18,608] []  INFO {org.wso2.carbon.user.core.common.UserStoreDeploymentManager} - Realm configuration of tenant:-1234  modified with /home/seyi-a/DevFactory/wso2/wso2is-7.3.0/repository/deployment/server/userstores/AGENT.xml
TID: [] [] [2026-08-13 18:37:24,496] []  INFO {org.hibernate.validator.internal.util.Version} - HV000001: Hibernate Validator 6.2.5.Final
TID: [] [] [2026-08-13 18:37:36,334] []  INFO {org.wso2.carbon.core.transports.http.HttpTransportListener} - HTTP port        : 9763
TID: [] [] [2026-08-13 18:37:36,335] []  INFO {org.wso2.carbon.core.transports.http.HttpsTransportListener} - HTTPS port       : 9443
TID: [] [] [2026-08-13 18:37:36,595] []  INFO {org.apache.tomcat.util.net.NioEndpoint.certificate} - Connector [https-jsse-nio-9443], TLS virtual host [_default_], certificate type [UNDEFINED] configured from keystore [/home/seyi-a/DevFactory/wso2/wso2is-7.3.0/repository/resources/security/wso2carbon.p12] using alias [wso2carbon] with trust store [/home/seyi-a/DevFactory/wso2/wso2is-7.3.0/repository/resources/security/client-truststore.p12]
TID: [] [] [2026-08-13 18:37:36,657] []  INFO {org.wso2.identity.apps.common.internal.AppsCommonServiceStartupObserver} - My Account URL : https://wso2.local:9443/myaccount
TID: [] [] [2026-08-13 18:37:36,658] []  INFO {org.wso2.identity.apps.common.internal.AppsCommonServiceStartupObserver} - Console URL : https://wso2.local:9443/console
TID: [] [] [2026-08-13 18:37:36,658] []  INFO {org.wso2.carbon.core.internal.StartupFinalizerServiceComponent} - Server           :  WSO2 Identity Server-7.3.0
TID: [] [] [2026-08-13 18:37:36,659] []  INFO {org.wso2.carbon.core.internal.StartupFinalizerServiceComponent} - WSO2 Carbon started in 36 sec
TID: [] [] [2026-08-13 18:37:36,669] []  INFO {org.wso2.carbon.healthcheck.api.core.internal.HealthMonitorServiceComponent} - Carbon health monitoring service is activated..
TID: [] [] [2026-08-13 18:41:07,643] []  WARN {org.wso2.carbon.usage.data.receiver.core.a.a} - No subscription file found matching pattern 'subscription-*.json' in directory: /home/seyi-a/DevFactory/wso2/wso2is-7.3.0. Please place a subscription file at this location to enable usage data collection.
TID: [] [] [2026-08-13 18:41:07,722] []  WARN {org.wso2.carbon.usage.data.receiver.core.util.DatabaseAvailabilityChecker} - Required table 'USAGE_COUNT' does not exist in the database. Usage data collection will be disabled until tables are created.
TID: [] [] [2026-08-13 18:47:24,195] []  INFO {org.wso2.carbon.core.init.CarbonServerManager} - Shutdown hook triggered....
TID: [] [] [2026-08-13 18:47:24,199] []  INFO {org.wso2.carbon.core.init.CarbonServerManager} - Gracefully shutting down WSO2 Identity Server...
TID: [] [] [2026-08-13 18:47:24,201] []  INFO {org.wso2.carbon.core.ServerManagement} - Starting to switch to maintenance mode...
TID: [] [] [2026-08-13 18:47:24,203] []  INFO {org.wso2.carbon.core.ServerManagement} - Stopped all transport listeners
TID: [] [] [2026-08-13 18:47:24,204] []  INFO {org.wso2.carbon.core.ServerManagement} - Waiting for request service completion...
TID: [] [] [2026-08-13 18:47:24,212] []  INFO {org.wso2.carbon.core.ServerManagement} - All requests have been served.
TID: [] [] [2026-08-13 18:47:24,213] []  INFO {org.wso2.carbon.core.ServerManagement} - Waiting for deployment completion...
TID: [] [] [2026-08-13 18:47:24,251] []  INFO {org.wso2.carbon.webapp.mgt.WebApplication} - Unloaded webapp: StandardEngine[Catalina].StandardHost[localhost].StandardContext[/mexut]
TID: [] [] [2026-08-13 18:47:24,257] []  INFO {org.wso2.carbon.webapp.mgt.WebApplication} - Unloaded webapp: StandardEngine[Catalina].StandardHost[localhost].StandardContext[/oauth2]
TID: [] [] [2026-08-13 18:47:24,263] []  INFO {org.wso2.carbon.webapp.mgt.WebApplication} - Unloaded webapp: StandardEngine[Catalina].StandardHost[localhost].StandardContext[/api/health-check/v1.0]
TID: [] [] [2026-08-13 18:47:24,276] []  INFO {org.wso2.carbon.webapp.mgt.WebApplication} - Unloaded webapp: StandardEngine[Catalina].StandardHost[localhost].StandardContext[/authenticationendpoint]
TID: [] [] [2026-08-13 18:47:24,283] []  INFO {org.wso2.carbon.webapp.mgt.WebApplication} - Unloaded webapp: StandardEngine[Catalina].StandardHost[localhost].StandardContext[/console]
TID: [] [] [2026-08-13 18:47:24,289] []  INFO {org.wso2.carbon.webapp.mgt.WebApplication} - Unloaded webapp: StandardEngine[Catalina].StandardHost[localhost].StandardContext[/oid4vci]
TID: [] [] [2026-08-13 18:47:24,297] []  INFO {org.wso2.carbon.webapp.mgt.WebApplication} - Unloaded webapp: StandardEngine[Catalina].StandardHost[localhost].StandardContext[/accountrecoveryendpoint]
TID: [] [] [2026-08-13 18:47:24,302] []  INFO {org.wso2.carbon.webapp.mgt.WebApplication} - Unloaded webapp: StandardEngine[Catalina].StandardHost[localhost].StandardContext[/mex]
TID: [] [] [2026-08-13 18:47:24,310] []  INFO {org.wso2.carbon.webapp.mgt.WebApplication} - Unloaded webapp: StandardEngine[Catalina].StandardHost[localhost].StandardContext[/scim2]
TID: [] [] [2026-08-13 18:47:24,317] []  INFO {org.wso2.carbon.webapp.mgt.WebApplication} - Unloaded webapp: StandardEngine[Catalina].StandardHost[localhost].StandardContext[/x509certificateauthenticationendpoint]
TID: [] [] [2026-08-13 18:47:24,334] []  INFO {org.wso2.carbon.webapp.mgt.WebApplication} - Unloaded webapp: StandardEngine[Catalina].StandardHost[localhost].StandardContext[/api]
TID: [] [] [2026-08-13 18:47:24,339] []  INFO {org.wso2.carbon.webapp.mgt.WebApplication} - Unloaded webapp: StandardEngine[Catalina].StandardHost[localhost].StandardContext[/wso2]
TID: [] [] [2026-08-13 18:47:24,345] []  INFO {org.wso2.carbon.webapp.mgt.WebApplication} - Unloaded webapp: StandardEngine[Catalina].StandardHost[localhost].StandardContext[/myaccount]
TID: [] [] [2026-08-13 18:47:24,350] []  INFO {org.wso2.carbon.webapp.mgt.WebApplication} - Unloaded webapp: StandardEngine[Catalina].StandardHost[localhost].StandardContext[/accounts]
TID: [] [] [2026-08-13 18:47:24,351] []  INFO {org.wso2.carbon.core.ServerManagement} - All deployment tasks have been completed.
TID: [] [] [2026-08-13 18:47:24,351] []  INFO {org.wso2.carbon.core.ServerManagement} - Waiting for server task completion...
TID: [] [] [2026-08-13 18:47:24,353] []  INFO {org.wso2.carbon.core.ServerManagement} - All server tasks have been completed.
TID: [] [] [2026-08-13 18:47:24,353] []  INFO {org.wso2.carbon.core.init.CarbonServerManager} - Shutting down WSO2 Identity Server...
TID: [] [] [2026-08-13 18:47:24,354] []  INFO {org.wso2.carbon.core.init.CarbonServerManager} - Shutting down OSGi framework...
TID: [] [] [2026-08-13 18:47:24,397] []  INFO {org.wso2.carbon.core.init.CarbonServerManager} - Stopping CarbonServerManager...
TID: [] [] [2026-08-13 18:47:24,612] []  INFO {org.wso2.carbon.tomcat.ext.internal.CarbonTomcatServiceComponent} - Stopping the carbon web-app registered under : /
TID: [-1234] [] [2026-08-13 18:47:25,621]  INFO {org.wso2.carbon.core.init.CarbonServerManager} - Shutdown complete 
TID: [-1234] [] [2026-08-13 18:47:25,622]  INFO {org.wso2.carbon.core.init.CarbonServerManager} - Halting JVM 
=== restart after cert fix 2026-08-13T18:47:35+01:00 ===
TID: [] [] [2026-08-13 18:47:40,418] []  INFO {org.ops4j.pax.logging.spi.support.EventAdminConfigurationNotifier} - Sending Event Admin notification (configuration successful) to org/ops4j/pax/logging/Configuration
TID: [] [] [2026-08-13 18:47:40,624] []  INFO {org.wso2.carbon.core.internal.CarbonCoreActivator} - Starting WSO2 Carbon...
TID: [] [] [2026-08-13 18:47:40,624] []  INFO {org.wso2.carbon.core.internal.CarbonCoreActivator} - Operating System : Linux 7.0.0-29-generic, amd64
TID: [] [] [2026-08-13 18:47:40,624] []  INFO {org.wso2.carbon.core.internal.CarbonCoreActivator} - Java Home        : /home/seyi-a/.jdks/jdk-21.0.12+8
TID: [] [] [2026-08-13 18:47:40,625] []  INFO {org.wso2.carbon.core.internal.CarbonCoreActivator} - Java Version     : 21.0.12
TID: [] [] [2026-08-13 18:47:40,625] []  INFO {org.wso2.carbon.core.internal.CarbonCoreActivator} - Java VM          : OpenJDK 64-Bit Server VM 21.0.12+8-LTS,Eclipse Adoptium
TID: [] [] [2026-08-13 18:47:40,625] []  INFO {org.wso2.carbon.core.internal.CarbonCoreActivator} - Carbon Home      : /home/seyi-a/DevFactory/wso2/wso2is-7.3.0
TID: [] [] [2026-08-13 18:47:40,625] []  INFO {org.wso2.carbon.core.internal.CarbonCoreActivator} - Java Temp Dir    : /home/seyi-a/DevFactory/wso2/wso2is-7.3.0/tmp
TID: [] [] [2026-08-13 18:47:40,625] []  INFO {org.wso2.carbon.core.internal.CarbonCoreActivator} - User             : seyi-a, en-US, Africa/Lagos
TID: [] [] [2026-08-13 18:47:43,430] []  WARN {org.apache.tomcat.util.net.SSLHostConfig} - The TLS 1.3 cipher suite [TLS_AES_128_GCM_SHA256] included in the TLS 1.2 and below ciphers list will be removed from the TLS 1.2 ciphers list and added to the end of the TLS 1.3 cipher suite list
TID: [] [] [2026-08-13 18:47:43,433] []  WARN {org.apache.tomcat.util.net.SSLHostConfig} - The TLS 1.3 cipher suite [TLS_AES_256_GCM_SHA384] included in the TLS 1.2 and below ciphers list will be removed from the TLS 1.2 ciphers list and added to the end of the TLS 1.3 cipher suite list
TID: [] [] [2026-08-13 18:47:43,433] []  WARN {org.apache.tomcat.util.net.SSLHostConfig} - The TLS 1.3 cipher suite [TLS_CHACHA20_POLY1305_SHA256] included in the TLS 1.2 and below ciphers list will be removed from the TLS 1.2 ciphers list and added to the end of the TLS 1.3 cipher suite list
TID: [] [] [2026-08-13 18:47:44,241] []  INFO {org.apache.jasper.servlet.TldScanner} - At least one JAR was scanned for TLDs yet contained no TLDs. Enable debug logging for this logger for a complete list of JARs that were scanned but no TLDs were found in them. Skipping unneeded JARs during scanning can improve startup time and JSP compilation time.
TID: [] [] [2026-08-13 18:47:46,095] []  INFO {org.wso2.carbon.core.init.CarbonServerManager} - Repository       : /home/seyi-a/DevFactory/wso2/wso2is-7.3.0/repository/deployment/server/
TID: [] [] [2026-08-13 18:47:46,134] []  INFO {org.wso2.carbon.core.multitenancy.eager.TenantLoadingConfig} - Using tenant lazy loading policy...
TID: [] [] [2026-08-13 18:47:46,147] []  INFO {org.wso2.carbon.core.internal.permission.update.PermissionUpdater} - Permission cache updated for tenant -1234
TID: [] [] [2026-08-13 18:47:49,350] []  WARN {org.wso2.carbon.identity.auth.service.internal.AuthenticationServiceComponent} - 

##################################  ALERT  ##################################
[WARNING]: Internal authentication is utilizing default credentials,
which may expose the environment to potential security risks.
If this is a production environment, change the credentials immediately.
#############################################################################

TID: [] [] [2026-08-13 18:47:53,025] []  INFO {org.wso2.carbon.identity.application.authentication.framework.store.SessionDataStore} - Thread pool size for temporary authentication context data delete task: 20
TID: [] [] [2026-08-13 18:47:53,283] []  INFO {org.opensaml.core.config.InitializationService} - Initializing OpenSAML using the Java Services API
TID: [] [] [2026-08-13 18:47:54,922] []  INFO {org.wso2.carbon.user.core.common.UserStoreDeploymentManager} - Realm configuration of tenant:-1234  modified with /home/seyi-a/DevFactory/wso2/wso2is-7.3.0/repository/deployment/server/userstores/AGENT.xml
TID: [] [] [2026-08-13 18:48:00,344] []  INFO {org.hibernate.validator.internal.util.Version} - HV000001: Hibernate Validator 6.2.5.Final
TID: [] [] [2026-08-13 18:48:12,870] []  INFO {org.wso2.carbon.core.transports.http.HttpTransportListener} - HTTP port        : 9763
TID: [] [] [2026-08-13 18:48:12,871] []  INFO {org.wso2.carbon.core.transports.http.HttpsTransportListener} - HTTPS port       : 9443
TID: [] [] [2026-08-13 18:48:13,170] []  INFO {org.apache.tomcat.util.net.NioEndpoint.certificate} - Connector [https-jsse-nio-9443], TLS virtual host [_default_], certificate type [UNDEFINED] configured from keystore [/home/seyi-a/DevFactory/wso2/wso2is-7.3.0/repository/resources/security/wso2carbon.p12] using alias [wso2carbon] with trust store [/home/seyi-a/DevFactory/wso2/wso2is-7.3.0/repository/resources/security/client-truststore.p12]
TID: [] [] [2026-08-13 18:48:13,228] []  INFO {org.wso2.identity.apps.common.internal.AppsCommonServiceStartupObserver} - My Account URL : https://wso2.local:9443/myaccount
TID: [] [] [2026-08-13 18:48:13,229] []  INFO {org.wso2.identity.apps.common.internal.AppsCommonServiceStartupObserver} - Console URL : https://wso2.local:9443/console
TID: [] [] [2026-08-13 18:48:13,229] []  INFO {org.wso2.carbon.core.internal.StartupFinalizerServiceComponent} - Server           :  WSO2 Identity Server-7.3.0
TID: [] [] [2026-08-13 18:48:13,230] []  INFO {org.wso2.carbon.core.internal.StartupFinalizerServiceComponent} - WSO2 Carbon started in 37 sec
TID: [] [] [2026-08-13 18:48:13,237] []  INFO {org.wso2.carbon.healthcheck.api.core.internal.HealthMonitorServiceComponent} - Carbon health monitoring service is activated..
TID: [-1234] [oauth2] [2026-08-13 18:48:38,199] [7ddbf7c0-50cf-4cb4-92d6-828c2890f186] ERROR {org.wso2.carbon.identity.oauth2.validators.jwt.JWKSBasedJWTValidator} - Error occurred while accessing remote JWKS endpoint: https://wso2.local:9443/oauth2/jwkscom.nimbusds.jose.KeySourceException: No matching keys found in JWKS endpoint: https://wso2.local:9443/oauth2/jwks
	at org.wso2.carbon.identity.oauth2.validators.jwt.JWKSBasedJWTValidator.checkCertificateValidity(JWKSBasedJWTValidator.java:166)
	at org.wso2.carbon.identity.oauth2.validators.jwt.JWKSBasedJWTValidator.validateSignature(JWKSBasedJWTValidator.java:92)
	at org.wso2.carbon.identity.oauth2.grant.token.exchange.utils.TokenExchangeUtils.validateUsingJWKSUri(TokenExchangeUtils.java:1104)
	at org.wso2.carbon.identity.oauth2.grant.token.exchange.utils.TokenExchangeUtils.validateSignature(TokenExchangeUtils.java:376)
	at org.wso2.carbon.identity.oauth2.grant.token.exchange.TokenExchangeGrantHandler.handleJWTSubjectToken(TokenExchangeGrantHandler.java:739)
	at org.wso2.carbon.identity.oauth2.grant.token.exchange.TokenExchangeGrantHandler.validateGrant(TokenExchangeGrantHandler.java:158)
	at org.wso2.carbon.identity.oauth2.token.AccessTokenIssuer.validateGrantAndIssueToken(AccessTokenIssuer.java:455)
	at org.wso2.carbon.identity.oauth2.token.AccessTokenIssuer.issue(AccessTokenIssuer.java:401)
	at org.wso2.carbon.identity.oauth2.OAuth2Service.issueAccessToken(OAuth2Service.java:453)
	at org.wso2.carbon.identity.oauth.endpoint.token.OAuth2TokenEndpoint.issueAccessToken(OAuth2TokenEndpoint.java:409)
	at org.wso2.carbon.identity.oauth.endpoint.token.OAuth2TokenEndpoint.issueAccessToken(OAuth2TokenEndpoint.java:196)
	at org.wso2.carbon.identity.oauth.endpoint.token.OAuth2TokenEndpoint.issueAccessToken(OAuth2TokenEndpoint.java:168)
	at java.base/jdk.internal.reflect.DirectMethodHandleAccessor.invoke(DirectMethodHandleAccessor.java:103)
	at java.base/java.lang.reflect.Method.invoke(Method.java:580)
	at org.apache.cxf.service.invoker.AbstractInvoker.performInvocation(AbstractInvoker.java:179)
	at org.apache.cxf.service.invoker.AbstractInvoker.invoke(AbstractInvoker.java:96)
	at org.apache.cxf.jaxrs.JAXRSInvoker.invoke(JAXRSInvoker.java:201)
	at org.apache.cxf.jaxrs.JAXRSInvoker.invoke(JAXRSInvoker.java:104)
	at org.apache.cxf.interceptor.ServiceInvokerInterceptor$1.run(ServiceInvokerInterceptor.java:59)
	at org.apache.cxf.interceptor.ServiceInvokerInterceptor.handleMessage(ServiceInvokerInterceptor.java:96)
	at org.apache.cxf.phase.PhaseInterceptorChain.doIntercept(PhaseInterceptorChain.java:307)
	at org.apache.cxf.transport.ChainInitiationObserver.onMessage(ChainInitiationObserver.java:121)
	at org.apache.cxf.transport.http.AbstractHTTPDestination.invoke(AbstractHTTPDestination.java:267)
	at org.apache.cxf.transport.servlet.ServletController.invokeDestination(ServletController.java:234)
	at org.apache.cxf.transport.servlet.ServletController.invoke(ServletController.java:208)
	at org.apache.cxf.transport.servlet.ServletController.invoke(ServletController.java:160)
	at org.apache.cxf.transport.servlet.CXFNonSpringServlet.invoke(CXFNonSpringServlet.java:225)
	at org.apache.cxf.transport.servlet.AbstractHTTPServlet.handleRequest(AbstractHTTPServlet.java:304)
	at org.apache.cxf.transport.servlet.AbstractHTTPServlet.doPost(AbstractHTTPServlet.java:217)
	at javax.servlet.http.HttpServlet.service(HttpServlet.java:555)
	at org.apache.cxf.transport.servlet.AbstractHTTPServlet.service(AbstractHTTPServlet.java:279)
	at org.apache.catalina.core.ApplicationFilterChain.internalDoFilter(ApplicationFilterChain.java:197)
	at org.apache.catalina.core.ApplicationFilterChain.doFilter(ApplicationFilterChain.java:142)
	at org.apache.tomcat.websocket.server.WsFilter.doFilter(WsFilter.java:51)
	at org.apache.catalina.core.ApplicationFilterChain.internalDoFilter(ApplicationFilterChain.java:166)
	at org.apache.catalina.core.ApplicationFilterChain.doFilter(ApplicationFilterChain.java:142)
	at org.wso2.carbon.webapp.mgt.filter.AuthorizationHeaderFilter.doFilter(AuthorizationHeaderFilter.java:128)
	at org.apache.catalina.core.ApplicationFilterChain.internalDoFilter(ApplicationFilterChain.java:166)
	at org.apache.catalina.core.ApplicationFilterChain.doFilter(ApplicationFilterChain.java:142)
	at org.wso2.carbon.tomcat.ext.filter.ContentTypeBasedCachePreventionFilter.doFilter(ContentTypeBasedCachePreventionFilter.java:51)
	at org.apache.catalina.core.ApplicationFilterChain.internalDoFilter(ApplicationFilterChain.java:166)
	at org.apache.catalina.core.ApplicationFilterChain.doFilter(ApplicationFilterChain.java:142)
	at org.apache.catalina.filters.HttpHeaderSecurityFilter.doFilter(HttpHeaderSecurityFilter.java:129)
	at org.apache.catalina.core.ApplicationFilterChain.internalDoFilter(ApplicationFilterChain.java:166)
	at org.apache.catalina.core.ApplicationFilterChain.doFilter(ApplicationFilterChain.java:142)
	at org.apache.catalina.core.StandardWrapperValve.invoke(StandardWrapperValve.java:166)
	at org.apache.catalina.core.StandardContextValve.invoke(StandardContextValve.java:88)
	at org.apache.catalina.authenticator.AuthenticatorBase.invoke(AuthenticatorBase.java:491)
	at org.apache.catalina.core.StandardHostValve.invoke(StandardHostValve.java:127)
	at org.wso2.carbon.identity.context.rewrite.valve.TenantContextRewriteValve.invoke(TenantContextRewriteValve.java:235)
	at org.apache.catalina.valves.ErrorReportValve.invoke(ErrorReportValve.java:83)
	at org.wso2.carbon.identity.context.rewrite.valve.OrganizationContextRewriteValve.invoke(OrganizationContextRewriteValve.java:123)
	at org.wso2.carbon.tomcat.ext.valves.SameSiteCookieValve.invoke(SameSiteCookieValve.java:38)
	at org.wso2.carbon.identity.cors.valve.CORSValve.invoke(CORSValve.java:83)
	at org.wso2.carbon.identity.authz.valve.AuthorizationValve.invoke(AuthorizationValve.java:209)
	at org.wso2.carbon.identity.auth.valve.AuthenticationValve.invoke(AuthenticationValve.java:137)
	at org.wso2.carbon.tomcat.ext.valves.CompositeValve.continueInvocation(CompositeValve.java:110)
	at org.wso2.carbon.tomcat.ext.valves.TomcatValveContainer.invokeValves(TomcatValveContainer.java:49)
	at org.wso2.carbon.tomcat.ext.valves.CompositeValve.invoke(CompositeValve.java:71)
	at org.wso2.carbon.tomcat.ext.valves.CarbonStuckThreadDetectionValve.invoke(CarbonStuckThreadDetectionValve.java:150)
	at org.wso2.carbon.extension.identity.x509Certificate.valve.X509CertificateAuthenticationValve.invoke(X509CertificateAuthenticationValve.java:63)
	at org.apache.catalina.valves.AbstractAccessLogValve.invoke(AbstractAccessLogValve.java:764)
	at org.wso2.carbon.identity.core.context.valve.IdentityContextCreatorValve.invoke(IdentityContextCreatorValve.java:55)
	at org.wso2.carbon.tomcat.ext.valves.CarbonContextCreatorValve.invoke(CarbonContextCreatorValve.java:63)
	at org.wso2.carbon.tomcat.ext.valves.RequestEncodingValve.invoke(RequestEncodingValve.java:49)
	at org.wso2.carbon.tomcat.ext.valves.RequestNormalizationValve.invoke(RequestNormalizationValve.java:50)
	at org.wso2.carbon.tomcat.ext.valves.RequestCorrelationIdValve.invoke(RequestCorrelationIdValve.java:137)
	at org.apache.catalina.core.StandardEngineValve.invoke(StandardEngineValve.java:72)
	at org.apache.catalina.connector.CoyoteAdapter.service(CoyoteAdapter.java:344)
	at org.apache.coyote.http11.Http11Processor.service(Http11Processor.java:398)
	at org.apache.coyote.AbstractProcessorLight.process(AbstractProcessorLight.java:63)
	at org.apache.coyote.AbstractProtocol$ConnectionHandler.process(AbstractProtocol.java:1309)
	at org.apache.tomcat.util.net.NioEndpoint$SocketProcessor.doRun(NioEndpoint.java:1854)
	at org.apache.tomcat.util.net.SocketProcessorBase.run(SocketProcessorBase.java:52)
	at org.apache.tomcat.util.threads.ThreadPoolExecutor.runWorker(ThreadPoolExecutor.java:973)
	at org.apache.tomcat.util.threads.ThreadPoolExecutor$Worker.run(ThreadPoolExecutor.java:491)
	at org.apache.tomcat.util.threads.TaskThread$WrappingRunnable.run(TaskThread.java:63)
	at java.base/java.lang.Thread.run(Thread.java:1583)

TID: [-1234] [] [2026-08-13 18:49:21,952] [59ebd765-bd05-4d51-b51c-0acffbd3f641] ERROR {org.wso2.carbon.identity.oidc.session.servlet.OIDCLogoutServlet} - Error occurred while getting oauth application information.org.wso2.carbon.identity.oauth2.IdentityOAuth2Exception: ID token signature validation failed.
	at org.wso2.carbon.identity.oidc.session.servlet.OIDCLogoutServlet.getClientIdFromIdToken(OIDCLogoutServlet.java:1212)
	at org.wso2.carbon.identity.oidc.session.servlet.OIDCLogoutServlet.getOpenIDConnectSkipUserConsent(OIDCLogoutServlet.java:985)
	at org.wso2.carbon.identity.oidc.session.servlet.OIDCLogoutServlet.doGet(OIDCLogoutServlet.java:250)
	at javax.servlet.http.HttpServlet.service(HttpServlet.java:529)
	at javax.servlet.http.HttpServlet.service(HttpServlet.java:623)
	at org.eclipse.equinox.http.servlet.internal.registration.EndpointRegistration.service(EndpointRegistration.java:154)
	at org.eclipse.equinox.http.servlet.internal.servlet.ResponseStateHandler.processRequest(ResponseStateHandler.java:66)
	at org.eclipse.equinox.http.servlet.internal.context.DispatchTargets.doDispatch(DispatchTargets.java:112)
	at org.eclipse.equinox.http.servlet.internal.servlet.ProxyServlet.dispatch(ProxyServlet.java:141)
	at org.eclipse.equinox.http.servlet.internal.servlet.ProxyServlet.preprocess(ProxyServlet.java:113)
	at org.eclipse.equinox.http.servlet.internal.servlet.ProxyServlet.service(ProxyServlet.java:103)
	at javax.servlet.http.HttpServlet.service(HttpServlet.java:623)
	at org.wso2.carbon.tomcat.ext.servlet.DelegationServlet.service(DelegationServlet.java:68)
	at org.apache.catalina.core.ApplicationFilterChain.internalDoFilter(ApplicationFilterChain.java:197)
	at org.apache.catalina.core.ApplicationFilterChain.doFilter(ApplicationFilterChain.java:142)
	at org.apache.tomcat.websocket.server.WsFilter.doFilter(WsFilter.java:51)
	at org.apache.catalina.core.ApplicationFilterChain.internalDoFilter(ApplicationFilterChain.java:166)
	at org.apache.catalina.core.ApplicationFilterChain.doFilter(ApplicationFilterChain.java:142)
	at org.owasp.csrfguard.CsrfGuardFilter.doFilter(CsrfGuardFilter.java:72)
	at org.apache.catalina.core.ApplicationFilterChain.internalDoFilter(ApplicationFilterChain.java:166)
	at org.apache.catalina.core.ApplicationFilterChain.doFilter(ApplicationFilterChain.java:142)
	at org.wso2.carbon.tomcat.ext.filter.CharacterSetFilter.doFilter(CharacterSetFilter.java:65)
	at org.apache.catalina.core.ApplicationFilterChain.internalDoFilter(ApplicationFilterChain.java:166)
	at org.apache.catalina.core.ApplicationFilterChain.doFilter(ApplicationFilterChain.java:142)
	at org.apache.catalina.filters.HttpHeaderSecurityFilter.doFilter(HttpHeaderSecurityFilter.java:129)
	at org.apache.catalina.core.ApplicationFilterChain.internalDoFilter(ApplicationFilterChain.java:166)
	at org.apache.catalina.core.ApplicationFilterChain.doFilter(ApplicationFilterChain.java:142)
	at org.wso2.carbon.tomcat.ext.filter.PathTraversalFilter.doFilter(PathTraversalFilter.java:56)
	at org.apache.catalina.core.ApplicationFilterChain.internalDoFilter(ApplicationFilterChain.java:166)
	at org.apache.catalina.core.ApplicationFilterChain.doFilter(ApplicationFilterChain.java:142)
	at org.apache.catalina.core.StandardWrapperValve.invoke(StandardWrapperValve.java:166)
	at org.apache.catalina.core.StandardContextValve.invoke(StandardContextValve.java:88)
	at org.apache.catalina.authenticator.AuthenticatorBase.invoke(AuthenticatorBase.java:491)
	at org.apache.catalina.core.StandardHostValve.invoke(StandardHostValve.java:127)
	at org.wso2.carbon.identity.context.rewrite.valve.TenantContextRewriteValve.invoke(TenantContextRewriteValve.java:235)
	at org.apache.catalina.valves.ErrorReportValve.invoke(ErrorReportValve.java:83)
	at org.wso2.carbon.identity.context.rewrite.valve.OrganizationContextRewriteValve.invoke(OrganizationContextRewriteValve.java:123)
	at org.wso2.carbon.tomcat.ext.valves.SameSiteCookieValve.invoke(SameSiteCookieValve.java:38)
	at org.wso2.carbon.identity.cors.valve.CORSValve.invoke(CORSValve.java:83)
	at org.wso2.carbon.identity.authz.valve.AuthorizationValve.invoke(AuthorizationValve.java:209)
	at org.wso2.carbon.identity.auth.valve.AuthenticationValve.invoke(AuthenticationValve.java:137)
	at org.wso2.carbon.tomcat.ext.valves.CompositeValve.continueInvocation(CompositeValve.java:110)
	at org.wso2.carbon.tomcat.ext.valves.TomcatValveContainer.invokeValves(TomcatValveContainer.java:49)
	at org.wso2.carbon.tomcat.ext.valves.CompositeValve.invoke(CompositeValve.java:71)
	at org.wso2.carbon.tomcat.ext.valves.CarbonStuckThreadDetectionValve.invoke(CarbonStuckThreadDetectionValve.java:150)
	at org.wso2.carbon.extension.identity.x509Certificate.valve.X509CertificateAuthenticationValve.invoke(X509CertificateAuthenticationValve.java:63)
	at org.apache.catalina.valves.AbstractAccessLogValve.invoke(AbstractAccessLogValve.java:764)
	at org.wso2.carbon.identity.core.context.valve.IdentityContextCreatorValve.invoke(IdentityContextCreatorValve.java:55)
	at org.wso2.carbon.tomcat.ext.valves.CarbonContextCreatorValve.invoke(CarbonContextCreatorValve.java:63)
	at org.wso2.carbon.tomcat.ext.valves.RequestEncodingValve.invoke(RequestEncodingValve.java:49)
	at org.wso2.carbon.tomcat.ext.valves.RequestNormalizationValve.invoke(RequestNormalizationValve.java:50)
	at org.wso2.carbon.tomcat.ext.valves.RequestCorrelationIdValve.invoke(RequestCorrelationIdValve.java:137)
	at org.apache.catalina.core.StandardEngineValve.invoke(StandardEngineValve.java:72)
	at org.apache.catalina.connector.CoyoteAdapter.service(CoyoteAdapter.java:344)
	at org.apache.coyote.http11.Http11Processor.service(Http11Processor.java:398)
	at org.apache.coyote.AbstractProcessorLight.process(AbstractProcessorLight.java:63)
	at org.apache.coyote.AbstractProtocol$ConnectionHandler.process(AbstractProtocol.java:1309)
	at org.apache.tomcat.util.net.NioEndpoint$SocketProcessor.doRun(NioEndpoint.java:1854)
	at org.apache.tomcat.util.net.SocketProcessorBase.run(SocketProcessorBase.java:52)
	at org.apache.tomcat.util.threads.ThreadPoolExecutor.runWorker(ThreadPoolExecutor.java:973)
	at org.apache.tomcat.util.threads.ThreadPoolExecutor$Worker.run(ThreadPoolExecutor.java:491)
	at org.apache.tomcat.util.threads.TaskThread$WrappingRunnable.run(TaskThread.java:63)
	at java.base/java.lang.Thread.run(Thread.java:1583)

TID: [-1234] [] [2026-08-13 18:49:30,900] [a7a9f007-3381-4659-bca2-a602d509b7bb] ERROR {org.wso2.carbon.identity.oidc.session.servlet.OIDCLogoutServlet} - Error occurred while getting oauth application information.org.wso2.carbon.identity.oauth2.IdentityOAuth2Exception: ID token signature validation failed.
	at org.wso2.carbon.identity.oidc.session.servlet.OIDCLogoutServlet.getClientIdFromIdToken(OIDCLogoutServlet.java:1212)
	at org.wso2.carbon.identity.oidc.session.servlet.OIDCLogoutServlet.getOpenIDConnectSkipUserConsent(OIDCLogoutServlet.java:985)
	at org.wso2.carbon.identity.oidc.session.servlet.OIDCLogoutServlet.doGet(OIDCLogoutServlet.java:250)
	at javax.servlet.http.HttpServlet.service(HttpServlet.java:529)
	at javax.servlet.http.HttpServlet.service(HttpServlet.java:623)
	at org.eclipse.equinox.http.servlet.internal.registration.EndpointRegistration.service(EndpointRegistration.java:154)
	at org.eclipse.equinox.http.servlet.internal.servlet.ResponseStateHandler.processRequest(ResponseStateHandler.java:66)
	at org.eclipse.equinox.http.servlet.internal.context.DispatchTargets.doDispatch(DispatchTargets.java:112)
	at org.eclipse.equinox.http.servlet.internal.servlet.ProxyServlet.dispatch(ProxyServlet.java:141)
	at org.eclipse.equinox.http.servlet.internal.servlet.ProxyServlet.preprocess(ProxyServlet.java:113)
	at org.eclipse.equinox.http.servlet.internal.servlet.ProxyServlet.service(ProxyServlet.java:103)
	at javax.servlet.http.HttpServlet.service(HttpServlet.java:623)
	at org.wso2.carbon.tomcat.ext.servlet.DelegationServlet.service(DelegationServlet.java:68)
	at org.apache.catalina.core.ApplicationFilterChain.internalDoFilter(ApplicationFilterChain.java:197)
	at org.apache.catalina.core.ApplicationFilterChain.doFilter(ApplicationFilterChain.java:142)
	at org.apache.tomcat.websocket.server.WsFilter.doFilter(WsFilter.java:51)
	at org.apache.catalina.core.ApplicationFilterChain.internalDoFilter(ApplicationFilterChain.java:166)
	at org.apache.catalina.core.ApplicationFilterChain.doFilter(ApplicationFilterChain.java:142)
	at org.owasp.csrfguard.CsrfGuardFilter.doFilter(CsrfGuardFilter.java:72)
	at org.apache.catalina.core.ApplicationFilterChain.internalDoFilter(ApplicationFilterChain.java:166)
	at org.apache.catalina.core.ApplicationFilterChain.doFilter(ApplicationFilterChain.java:142)
	at org.wso2.carbon.tomcat.ext.filter.CharacterSetFilter.doFilter(CharacterSetFilter.java:65)
	at org.apache.catalina.core.ApplicationFilterChain.internalDoFilter(ApplicationFilterChain.java:166)
	at org.apache.catalina.core.ApplicationFilterChain.doFilter(ApplicationFilterChain.java:142)
	at org.apache.catalina.filters.HttpHeaderSecurityFilter.doFilter(HttpHeaderSecurityFilter.java:129)
	at org.apache.catalina.core.ApplicationFilterChain.internalDoFilter(ApplicationFilterChain.java:166)
	at org.apache.catalina.core.ApplicationFilterChain.doFilter(ApplicationFilterChain.java:142)
	at org.wso2.carbon.tomcat.ext.filter.PathTraversalFilter.doFilter(PathTraversalFilter.java:56)
	at org.apache.catalina.core.ApplicationFilterChain.internalDoFilter(ApplicationFilterChain.java:166)
	at org.apache.catalina.core.ApplicationFilterChain.doFilter(ApplicationFilterChain.java:142)
	at org.apache.catalina.core.StandardWrapperValve.invoke(StandardWrapperValve.java:166)
	at org.apache.catalina.core.StandardContextValve.invoke(StandardContextValve.java:88)
	at org.apache.catalina.authenticator.AuthenticatorBase.invoke(AuthenticatorBase.java:491)
	at org.apache.catalina.core.StandardHostValve.invoke(StandardHostValve.java:127)
	at org.wso2.carbon.identity.context.rewrite.valve.TenantContextRewriteValve.invoke(TenantContextRewriteValve.java:235)
	at org.apache.catalina.valves.ErrorReportValve.invoke(ErrorReportValve.java:83)
	at org.wso2.carbon.identity.context.rewrite.valve.OrganizationContextRewriteValve.invoke(OrganizationContextRewriteValve.java:123)
	at org.wso2.carbon.tomcat.ext.valves.SameSiteCookieValve.invoke(SameSiteCookieValve.java:38)
	at org.wso2.carbon.identity.cors.valve.CORSValve.invoke(CORSValve.java:83)
	at org.wso2.carbon.identity.authz.valve.AuthorizationValve.invoke(AuthorizationValve.java:209)
	at org.wso2.carbon.identity.auth.valve.AuthenticationValve.invoke(AuthenticationValve.java:137)
	at org.wso2.carbon.tomcat.ext.valves.CompositeValve.continueInvocation(CompositeValve.java:110)
	at org.wso2.carbon.tomcat.ext.valves.TomcatValveContainer.invokeValves(TomcatValveContainer.java:49)
	at org.wso2.carbon.tomcat.ext.valves.CompositeValve.invoke(CompositeValve.java:71)
	at org.wso2.carbon.tomcat.ext.valves.CarbonStuckThreadDetectionValve.invoke(CarbonStuckThreadDetectionValve.java:150)
	at org.wso2.carbon.extension.identity.x509Certificate.valve.X509CertificateAuthenticationValve.invoke(X509CertificateAuthenticationValve.java:63)
	at org.apache.catalina.valves.AbstractAccessLogValve.invoke(AbstractAccessLogValve.java:764)
	at org.wso2.carbon.identity.core.context.valve.IdentityContextCreatorValve.invoke(IdentityContextCreatorValve.java:55)
	at org.wso2.carbon.tomcat.ext.valves.CarbonContextCreatorValve.invoke(CarbonContextCreatorValve.java:63)
	at org.wso2.carbon.tomcat.ext.valves.RequestEncodingValve.invoke(RequestEncodingValve.java:49)
	at org.wso2.carbon.tomcat.ext.valves.RequestNormalizationValve.invoke(RequestNormalizationValve.java:50)
	at org.wso2.carbon.tomcat.ext.valves.RequestCorrelationIdValve.invoke(RequestCorrelationIdValve.java:137)
	at org.apache.catalina.core.StandardEngineValve.invoke(StandardEngineValve.java:72)
	at org.apache.catalina.connector.CoyoteAdapter.service(CoyoteAdapter.java:344)
	at org.apache.coyote.http11.Http11Processor.service(Http11Processor.java:398)
	at org.apache.coyote.AbstractProcessorLight.process(AbstractProcessorLight.java:63)
	at org.apache.coyote.AbstractProtocol$ConnectionHandler.process(AbstractProtocol.java:1309)
	at org.apache.tomcat.util.net.NioEndpoint$SocketProcessor.doRun(NioEndpoint.java:1854)
	at org.apache.tomcat.util.net.SocketProcessorBase.run(SocketProcessorBase.java:52)
	at org.apache.tomcat.util.threads.ThreadPoolExecutor.runWorker(ThreadPoolExecutor.java:973)
	at org.apache.tomcat.util.threads.ThreadPoolExecutor$Worker.run(ThreadPoolExecutor.java:491)
	at org.apache.tomcat.util.threads.TaskThread$WrappingRunnable.run(TaskThread.java:63)
	at java.base/java.lang.Thread.run(Thread.java:1583)

TID: [] [] [2026-08-13 18:51:43,648] []  WARN {org.wso2.carbon.usage.data.receiver.core.a.a} - No subscription file found matching pattern 'subscription-*.json' in directory: /home/seyi-a/DevFactory/wso2/wso2is-7.3.0. Please place a subscription file at this location to enable usage data collection.
TID: [] [] [2026-08-13 18:51:43,715] []  WARN {org.wso2.carbon.usage.data.receiver.core.util.DatabaseAvailabilityChecker} - Required table 'USAGE_COUNT' does not exist in the database. Usage data collection will be disabled until tables are created.
TID: [-1234] [] [2026-08-13 19:02:01,948] [167c5958-7c75-44de-9f47-92ac8a8fd38e]  INFO {org.opensaml.core.config.InitializationService} - Initializing OpenSAML using the Java Services API
TID: [] [] [2026-08-13 19:41:48,982] []  INFO {org.wso2.carbon.core.init.CarbonServerManager} - Shutdown hook triggered....
TID: [] [] [2026-08-13 19:41:48,989] []  INFO {org.wso2.carbon.core.init.CarbonServerManager} - Gracefully shutting down WSO2 Identity Server...
TID: [] [] [2026-08-13 19:41:48,992] []  INFO {org.wso2.carbon.core.ServerManagement} - Starting to switch to maintenance mode...
TID: [] [] [2026-08-13 19:41:48,994] []  INFO {org.wso2.carbon.core.ServerManagement} - Stopped all transport listeners
TID: [] [] [2026-08-13 19:41:48,995] []  INFO {org.wso2.carbon.core.ServerManagement} - Waiting for request service completion...
TID: [] [] [2026-08-13 19:41:49,004] []  INFO {org.wso2.carbon.core.ServerManagement} - All requests have been served.
TID: [] [] [2026-08-13 19:41:49,005] []  INFO {org.wso2.carbon.core.ServerManagement} - Waiting for deployment completion...
TID: [] [] [2026-08-13 19:41:49,051] []  INFO {org.wso2.carbon.webapp.mgt.WebApplication} - Unloaded webapp: StandardEngine[Catalina].StandardHost[localhost].StandardContext[/mexut]
TID: [] [] [2026-08-13 19:41:49,060] []  INFO {org.wso2.carbon.webapp.mgt.WebApplication} - Unloaded webapp: StandardEngine[Catalina].StandardHost[localhost].StandardContext[/oauth2]
TID: [] [] [2026-08-13 19:41:49,070] []  INFO {org.wso2.carbon.webapp.mgt.WebApplication} - Unloaded webapp: StandardEngine[Catalina].StandardHost[localhost].StandardContext[/api/health-check/v1.0]
TID: [] [] [2026-08-13 19:41:49,087] []  INFO {org.wso2.carbon.webapp.mgt.WebApplication} - Unloaded webapp: StandardEngine[Catalina].StandardHost[localhost].StandardContext[/authenticationendpoint]
TID: [] [] [2026-08-13 19:41:49,096] []  INFO {org.wso2.carbon.webapp.mgt.WebApplication} - Unloaded webapp: StandardEngine[Catalina].StandardHost[localhost].StandardContext[/console]
TID: [] [] [2026-08-13 19:41:49,103] []  INFO {org.wso2.carbon.webapp.mgt.WebApplication} - Unloaded webapp: StandardEngine[Catalina].StandardHost[localhost].StandardContext[/oid4vci]
TID: [] [] [2026-08-13 19:41:49,112] []  INFO {org.wso2.carbon.webapp.mgt.WebApplication} - Unloaded webapp: StandardEngine[Catalina].StandardHost[localhost].StandardContext[/accountrecoveryendpoint]
TID: [] [] [2026-08-13 19:41:49,120] []  INFO {org.wso2.carbon.webapp.mgt.WebApplication} - Unloaded webapp: StandardEngine[Catalina].StandardHost[localhost].StandardContext[/mex]
TID: [] [] [2026-08-13 19:41:49,129] []  INFO {org.wso2.carbon.webapp.mgt.WebApplication} - Unloaded webapp: StandardEngine[Catalina].StandardHost[localhost].StandardContext[/scim2]
TID: [] [] [2026-08-13 19:41:49,136] []  INFO {org.wso2.carbon.webapp.mgt.WebApplication} - Unloaded webapp: StandardEngine[Catalina].StandardHost[localhost].StandardContext[/x509certificateauthenticationendpoint]
TID: [] [] [2026-08-13 19:41:49,153] []  INFO {org.wso2.carbon.webapp.mgt.WebApplication} - Unloaded webapp: StandardEngine[Catalina].StandardHost[localhost].StandardContext[/api]
TID: [] [] [2026-08-13 19:41:49,162] []  INFO {org.wso2.carbon.webapp.mgt.WebApplication} - Unloaded webapp: StandardEngine[Catalina].StandardHost[localhost].StandardContext[/wso2]
TID: [] [] [2026-08-13 19:41:49,169] []  INFO {org.wso2.carbon.webapp.mgt.WebApplication} - Unloaded webapp: StandardEngine[Catalina].StandardHost[localhost].StandardContext[/myaccount]
TID: [] [] [2026-08-13 19:41:49,175] []  INFO {org.wso2.carbon.webapp.mgt.WebApplication} - Unloaded webapp: StandardEngine[Catalina].StandardHost[localhost].StandardContext[/accounts]
TID: [] [] [2026-08-13 19:41:49,176] []  INFO {org.wso2.carbon.core.ServerManagement} - All deployment tasks have been completed.
TID: [] [] [2026-08-13 19:41:49,176] []  INFO {org.wso2.carbon.core.ServerManagement} - Waiting for server task completion...
TID: [] [] [2026-08-13 19:41:49,178] []  INFO {org.wso2.carbon.core.ServerManagement} - All server tasks have been completed.
TID: [] [] [2026-08-13 19:41:49,178] []  INFO {org.wso2.carbon.core.init.CarbonServerManager} - Shutting down WSO2 Identity Server...
TID: [] [] [2026-08-13 19:41:49,178] []  INFO {org.wso2.carbon.core.init.CarbonServerManager} - Shutting down OSGi framework...
TID: [] [] [2026-08-13 19:41:49,245] []  INFO {org.wso2.carbon.core.init.CarbonServerManager} - Stopping CarbonServerManager...
TID: [] [] [2026-08-13 19:41:49,410] []  INFO {org.wso2.carbon.tomcat.ext.internal.CarbonTomcatServiceComponent} - Stopping the carbon web-app registered under : /
TID: [-1234] [] [2026-08-13 19:41:50,168]  INFO {org.wso2.carbon.core.init.CarbonServerManager} - Shutdown complete 
TID: [-1234] [] [2026-08-13 19:41:50,170]  INFO {org.wso2.carbon.core.init.CarbonServerManager} - Halting JVM 
TID: [] [] [2026-08-13 19:42:08,646] []  INFO {org.ops4j.pax.logging.spi.support.EventAdminConfigurationNotifier} - Sending Event Admin notification (configuration successful) to org/ops4j/pax/logging/Configuration
TID: [] [] [2026-08-13 19:42:08,925] []  INFO {org.wso2.carbon.core.internal.CarbonCoreActivator} - Starting WSO2 Carbon...
TID: [] [] [2026-08-13 19:42:08,926] []  INFO {org.wso2.carbon.core.internal.CarbonCoreActivator} - Operating System : Linux 7.0.0-29-generic, amd64
TID: [] [] [2026-08-13 19:42:08,926] []  INFO {org.wso2.carbon.core.internal.CarbonCoreActivator} - Java Home        : /home/seyi-a/.jdks/jdk-21.0.12+8
TID: [] [] [2026-08-13 19:42:08,927] []  INFO {org.wso2.carbon.core.internal.CarbonCoreActivator} - Java Version     : 21.0.12
TID: [] [] [2026-08-13 19:42:08,927] []  INFO {org.wso2.carbon.core.internal.CarbonCoreActivator} - Java VM          : OpenJDK 64-Bit Server VM 21.0.12+8-LTS,Eclipse Adoptium
TID: [] [] [2026-08-13 19:42:08,927] []  INFO {org.wso2.carbon.core.internal.CarbonCoreActivator} - Carbon Home      : /home/seyi-a/DevFactory/wso2/wso2is-7.3.0
TID: [] [] [2026-08-13 19:42:08,927] []  INFO {org.wso2.carbon.core.internal.CarbonCoreActivator} - Java Temp Dir    : /home/seyi-a/DevFactory/wso2/wso2is-7.3.0/tmp
TID: [] [] [2026-08-13 19:42:08,927] []  INFO {org.wso2.carbon.core.internal.CarbonCoreActivator} - User             : seyi-a, en-US, Africa/Lagos
TID: [] [] [2026-08-13 19:42:11,685] []  WARN {org.apache.tomcat.util.net.SSLHostConfig} - The TLS 1.3 cipher suite [TLS_AES_128_GCM_SHA256] included in the TLS 1.2 and below ciphers list will be removed from the TLS 1.2 ciphers list and added to the end of the TLS 1.3 cipher suite list
TID: [] [] [2026-08-13 19:42:11,687] []  WARN {org.apache.tomcat.util.net.SSLHostConfig} - The TLS 1.3 cipher suite [TLS_AES_256_GCM_SHA384] included in the TLS 1.2 and below ciphers list will be removed from the TLS 1.2 ciphers list and added to the end of the TLS 1.3 cipher suite list
TID: [] [] [2026-08-13 19:42:11,687] []  WARN {org.apache.tomcat.util.net.SSLHostConfig} - The TLS 1.3 cipher suite [TLS_CHACHA20_POLY1305_SHA256] included in the TLS 1.2 and below ciphers list will be removed from the TLS 1.2 ciphers list and added to the end of the TLS 1.3 cipher suite list
TID: [] [] [2026-08-13 19:42:12,576] []  INFO {org.apache.jasper.servlet.TldScanner} - At least one JAR was scanned for TLDs yet contained no TLDs. Enable debug logging for this logger for a complete list of JARs that were scanned but no TLDs were found in them. Skipping unneeded JARs during scanning can improve startup time and JSP compilation time.
TID: [] [] [2026-08-13 19:42:14,336] []  INFO {org.wso2.carbon.core.init.CarbonServerManager} - Repository       : /home/seyi-a/DevFactory/wso2/wso2is-7.3.0/repository/deployment/server/
TID: [] [] [2026-08-13 19:42:14,370] []  INFO {org.wso2.carbon.core.multitenancy.eager.TenantLoadingConfig} - Using tenant lazy loading policy...
TID: [] [] [2026-08-13 19:42:14,384] []  INFO {org.wso2.carbon.core.internal.permission.update.PermissionUpdater} - Permission cache updated for tenant -1234
TID: [] [] [2026-08-13 19:42:17,416] []  WARN {org.wso2.carbon.identity.auth.service.internal.AuthenticationServiceComponent} - 

##################################  ALERT  ##################################
[WARNING]: Internal authentication is utilizing default credentials,
which may expose the environment to potential security risks.
If this is a production environment, change the credentials immediately.
#############################################################################

TID: [] [] [2026-08-13 19:42:20,678] []  INFO {org.wso2.carbon.identity.application.authentication.framework.store.SessionDataStore} - Thread pool size for temporary authentication context data delete task: 20
TID: [] [] [2026-08-13 19:42:20,924] []  INFO {org.opensaml.core.config.InitializationService} - Initializing OpenSAML using the Java Services API
TID: [] [] [2026-08-13 19:42:22,544] []  INFO {org.wso2.carbon.user.core.common.UserStoreDeploymentManager} - Realm configuration of tenant:-1234  modified with /home/seyi-a/DevFactory/wso2/wso2is-7.3.0/repository/deployment/server/userstores/AGENT.xml
TID: [] [] [2026-08-13 19:42:28,337] []  INFO {org.hibernate.validator.internal.util.Version} - HV000001: Hibernate Validator 6.2.5.Final
TID: [] [] [2026-08-13 19:42:40,053] []  INFO {org.wso2.carbon.core.transports.http.HttpTransportListener} - HTTP port        : 9763
TID: [] [] [2026-08-13 19:42:40,054] []  INFO {org.wso2.carbon.core.transports.http.HttpsTransportListener} - HTTPS port       : 9443
TID: [] [] [2026-08-13 19:42:40,406] []  INFO {org.apache.tomcat.util.net.NioEndpoint.certificate} - Connector [https-jsse-nio-9443], TLS virtual host [_default_], certificate type [UNDEFINED] configured from keystore [/home/seyi-a/DevFactory/wso2/wso2is-7.3.0/repository/resources/security/wso2carbon.p12] using alias [wso2carbon] with trust store [/home/seyi-a/DevFactory/wso2/wso2is-7.3.0/repository/resources/security/client-truststore.p12]
TID: [] [] [2026-08-13 19:42:40,459] []  INFO {org.wso2.identity.apps.common.internal.AppsCommonServiceStartupObserver} - My Account URL : https://wso2.local:9443/myaccount
TID: [] [] [2026-08-13 19:42:40,459] []  INFO {org.wso2.identity.apps.common.internal.AppsCommonServiceStartupObserver} - Console URL : https://wso2.local:9443/console
TID: [] [] [2026-08-13 19:42:40,460] []  INFO {org.wso2.carbon.core.internal.StartupFinalizerServiceComponent} - Server           :  WSO2 Identity Server-7.3.0
TID: [] [] [2026-08-13 19:42:40,461] []  INFO {org.wso2.carbon.core.internal.StartupFinalizerServiceComponent} - WSO2 Carbon started in 35 sec
TID: [] [] [2026-08-13 19:42:40,469] []  INFO {org.wso2.carbon.healthcheck.api.core.internal.HealthMonitorServiceComponent} - Carbon health monitoring service is activated..
TID: [-1234] [] [2026-08-13 19:45:16,727] [baafd6e7-f9d2-46bd-808d-1980d06aee6e]  INFO {org.opensaml.core.config.InitializationService} - Initializing OpenSAML using the Java Services API
TID: [] [] [2026-08-13 19:46:11,967] []  WARN {org.wso2.carbon.usage.data.receiver.core.a.a} - No subscription file found matching pattern 'subscription-*.json' in directory: /home/seyi-a/DevFactory/wso2/wso2is-7.3.0. Please place a subscription file at this location to enable usage data collection.
TID: [] [] [2026-08-13 19:46:11,974] []  WARN {org.wso2.carbon.usage.data.receiver.core.util.DatabaseAvailabilityChecker} - Required table 'USAGE_COUNT' does not exist in the database. Usage data collection will be disabled until tables are created.
TID: [-1234] [] [2026-08-13 19:49:50,801] [a9097d39-ff5a-43c1-bfd2-e3551958cccd] ERROR {org.wso2.carbon.identity.application.authentication.framework.cache.AuthenticationContextCache} - Server error occurred while loading optimized authentication context with context id: dbed6912-2d18-4bca-9194-d3aa727be4a5org.wso2.carbon.identity.application.authentication.framework.exception.session.storage.SessionDataStorageOptimizationServerException: Server occurred while retrieving the service provider by resource id: 35cd2e62-4200-4337-8a79-3051c62d08c6 tenant domain: ibileltdofficial
	at org.wso2.carbon.identity.application.authentication.framework.cache.AuthenticationContextLoader.reconstructServiceProvider(AuthenticationContextLoader.java:276)
	at org.wso2.carbon.identity.application.authentication.framework.cache.AuthenticationContextLoader.loadApplicationConfig(AuthenticationContextLoader.java:231)
	at org.wso2.carbon.identity.application.authentication.framework.cache.AuthenticationContextLoader.loadAuthenticationContext(AuthenticationContextLoader.java:109)
	at org.wso2.carbon.identity.application.authentication.framework.cache.AuthenticationContextCache.persistSessionData(AuthenticationContextCache.java:211)
	at org.wso2.carbon.identity.application.authentication.framework.cache.AuthenticationContextCache.addToCache(AuthenticationContextCache.java:86)
	at org.wso2.carbon.identity.application.authentication.framework.util.FrameworkUtils.addAuthenticationContextToCache(FrameworkUtils.java:1263)
	at org.wso2.carbon.identity.application.authentication.framework.handler.request.impl.DefaultRequestCoordinator.handle(DefaultRequestCoordinator.java:603)
	at org.wso2.carbon.identity.application.authentication.framework.CommonAuthenticationHandler.doPost(CommonAuthenticationHandler.java:59)
	at org.wso2.carbon.identity.application.authentication.framework.CommonAuthenticationHandler.doGet(CommonAuthenticationHandler.java:48)
	at org.wso2.carbon.identity.oidc.session.servlet.OIDCLogoutServlet.sendRequestToFramework(OIDCLogoutServlet.java:924)
	at org.wso2.carbon.identity.oidc.session.servlet.OIDCLogoutServlet.sendToFrameworkForLogout(OIDCLogoutServlet.java:761)
	at org.wso2.carbon.identity.oidc.session.servlet.OIDCLogoutServlet.doGet(OIDCLogoutServlet.java:291)
	at javax.servlet.http.HttpServlet.service(HttpServlet.java:529)
	at javax.servlet.http.HttpServlet.service(HttpServlet.java:623)
	at org.eclipse.equinox.http.servlet.internal.registration.EndpointRegistration.service(EndpointRegistration.java:154)
	at org.eclipse.equinox.http.servlet.internal.servlet.ResponseStateHandler.processRequest(ResponseStateHandler.java:66)
	at org.eclipse.equinox.http.servlet.internal.context.DispatchTargets.doDispatch(DispatchTargets.java:112)
	at org.eclipse.equinox.http.servlet.internal.servlet.ProxyServlet.dispatch(ProxyServlet.java:141)
	at org.eclipse.equinox.http.servlet.internal.servlet.ProxyServlet.preprocess(ProxyServlet.java:113)
	at org.eclipse.equinox.http.servlet.internal.servlet.ProxyServlet.service(ProxyServlet.java:103)
	at javax.servlet.http.HttpServlet.service(HttpServlet.java:623)
	at org.wso2.carbon.tomcat.ext.servlet.DelegationServlet.service(DelegationServlet.java:68)
	at org.apache.catalina.core.ApplicationFilterChain.internalDoFilter(ApplicationFilterChain.java:197)
	at org.apache.catalina.core.ApplicationFilterChain.doFilter(ApplicationFilterChain.java:142)
	at org.apache.tomcat.websocket.server.WsFilter.doFilter(WsFilter.java:51)
	at org.apache.catalina.core.ApplicationFilterChain.internalDoFilter(ApplicationFilterChain.java:166)
	at org.apache.catalina.core.ApplicationFilterChain.doFilter(ApplicationFilterChain.java:142)
	at org.owasp.csrfguard.CsrfGuardFilter.doFilter(CsrfGuardFilter.java:88)
	at org.apache.catalina.core.ApplicationFilterChain.internalDoFilter(ApplicationFilterChain.java:166)
	at org.apache.catalina.core.ApplicationFilterChain.doFilter(ApplicationFilterChain.java:142)
	at org.wso2.carbon.tomcat.ext.filter.CharacterSetFilter.doFilter(CharacterSetFilter.java:65)
	at org.apache.catalina.core.ApplicationFilterChain.internalDoFilter(ApplicationFilterChain.java:166)
	at org.apache.catalina.core.ApplicationFilterChain.doFilter(ApplicationFilterChain.java:142)
	at org.apache.catalina.filters.HttpHeaderSecurityFilter.doFilter(HttpHeaderSecurityFilter.java:129)
	at org.apache.catalina.core.ApplicationFilterChain.internalDoFilter(ApplicationFilterChain.java:166)
	at org.apache.catalina.core.ApplicationFilterChain.doFilter(ApplicationFilterChain.java:142)
	at org.wso2.carbon.tomcat.ext.filter.PathTraversalFilter.doFilter(PathTraversalFilter.java:56)
	at org.apache.catalina.core.ApplicationFilterChain.internalDoFilter(ApplicationFilterChain.java:166)
	at org.apache.catalina.core.ApplicationFilterChain.doFilter(ApplicationFilterChain.java:142)
	at org.apache.catalina.core.StandardWrapperValve.invoke(StandardWrapperValve.java:166)
	at org.apache.catalina.core.StandardContextValve.invoke(StandardContextValve.java:88)
	at org.apache.catalina.authenticator.AuthenticatorBase.invoke(AuthenticatorBase.java:491)
	at org.apache.catalina.core.StandardHostValve.invoke(StandardHostValve.java:127)
	at org.wso2.carbon.identity.context.rewrite.valve.TenantContextRewriteValve.invoke(TenantContextRewriteValve.java:235)
	at org.apache.catalina.valves.ErrorReportValve.invoke(ErrorReportValve.java:83)
	at org.wso2.carbon.identity.context.rewrite.valve.OrganizationContextRewriteValve.invoke(OrganizationContextRewriteValve.java:123)
	at org.wso2.carbon.tomcat.ext.valves.SameSiteCookieValve.invoke(SameSiteCookieValve.java:38)
	at org.wso2.carbon.identity.cors.valve.CORSValve.invoke(CORSValve.java:83)
	at org.wso2.carbon.identity.authz.valve.AuthorizationValve.invoke(AuthorizationValve.java:209)
	at org.wso2.carbon.identity.auth.valve.AuthenticationValve.invoke(AuthenticationValve.java:137)
	at org.wso2.carbon.tomcat.ext.valves.CompositeValve.continueInvocation(CompositeValve.java:110)
	at org.wso2.carbon.tomcat.ext.valves.TomcatValveContainer.invokeValves(TomcatValveContainer.java:49)
	at org.wso2.carbon.tomcat.ext.valves.CompositeValve.invoke(CompositeValve.java:71)
	at org.wso2.carbon.tomcat.ext.valves.CarbonStuckThreadDetectionValve.invoke(CarbonStuckThreadDetectionValve.java:150)
	at org.wso2.carbon.extension.identity.x509Certificate.valve.X509CertificateAuthenticationValve.invoke(X509CertificateAuthenticationValve.java:63)
	at org.apache.catalina.valves.AbstractAccessLogValve.invoke(AbstractAccessLogValve.java:764)
	at org.wso2.carbon.identity.core.context.valve.IdentityContextCreatorValve.invoke(IdentityContextCreatorValve.java:55)
	at org.wso2.carbon.tomcat.ext.valves.CarbonContextCreatorValve.invoke(CarbonContextCreatorValve.java:63)
	at org.wso2.carbon.tomcat.ext.valves.RequestEncodingValve.invoke(RequestEncodingValve.java:49)
	at org.wso2.carbon.tomcat.ext.valves.RequestNormalizationValve.invoke(RequestNormalizationValve.java:50)
	at org.wso2.carbon.tomcat.ext.valves.RequestCorrelationIdValve.invoke(RequestCorrelationIdValve.java:137)
	at org.apache.catalina.core.StandardEngineValve.invoke(StandardEngineValve.java:72)
	at org.apache.catalina.connector.CoyoteAdapter.service(CoyoteAdapter.java:344)
	at org.apache.coyote.http11.Http11Processor.service(Http11Processor.java:398)
	at org.apache.coyote.AbstractProcessorLight.process(AbstractProcessorLight.java:63)
	at org.apache.coyote.AbstractProtocol$ConnectionHandler.process(AbstractProtocol.java:1309)
	at org.apache.tomcat.util.net.NioEndpoint$SocketProcessor.doRun(NioEndpoint.java:1854)
	at org.apache.tomcat.util.net.SocketProcessorBase.run(SocketProcessorBase.java:52)
	at org.apache.tomcat.util.threads.ThreadPoolExecutor.runWorker(ThreadPoolExecutor.java:973)
	at org.apache.tomcat.util.threads.ThreadPoolExecutor$Worker.run(ThreadPoolExecutor.java:491)
	at org.apache.tomcat.util.threads.TaskThread$WrappingRunnable.run(TaskThread.java:63)
	at java.base/java.lang.Thread.run(Thread.java:1583)
Caused by: org.wso2.carbon.identity.application.authentication.framework.exception.session.storage.SessionDataStorageOptimizationClientException: Cannot find the Service Provider by the resource ID: 35cd2e62-4200-4337-8a79-3051c62d08c6 tenant domain: ibileltdofficial
	at org.wso2.carbon.identity.application.authentication.framework.cache.AuthenticationContextLoader.reconstructServiceProvider(AuthenticationContextLoader.java:257)
	... 71 more

